[
  {
    "model": "example.person",
    "pk": 1,
    "fields": {
      "name": "Amy Abbott",
      "given_name": "Amy",
      "family_name": "Abbott"
    }
  },
  {
    "model": "example.person",
    "pk": 2,
    "fields": {
      "name": "Bill Bixby",
      "given_name": "Bill",
      "family_name": "Bixby"
    }
  },
  {
    "model": "example.person",
    "pk": 3,
    "fields": {
      "name": "Carl Carlson",
      "given_name": "Carl",
      "family_name": "Carlson"
    }
  },
  {
    "model": "example.person",
    "pk": 4,
    "fields": {
      "name": "Dana Dalsworth",
      "given_name": "Dana",
      "family_name": "Dalsworth"
    }
  },
  {
    "model": "example.person",
    "pk": 5,
    "fields": {
      "name": "Ethan Earl",
      "given_name": "Ethan",
      "family_name": "Earl"
    }
  },
  {
    "model": "example.program",
    "pk": 1,
    "fields": {
      "name": "Common Cold",
      "target": 0,
      "indication": 73,
      "status": "ACTIVE",
      "started_date": "2022-12-15",
      "stage": "TARGET_ID",
      "bio_lead": 1,
      "chem_lead": 2,
      "program_manager": 4
    }
  },
  {
    "model": "example.program",
    "pk": 2,
    "fields": {
      "name": "Stubbed Toes",
      "target": 1,
      "indication": 206,
      "status": "PROPOSED",
      "started_date": "2022-11-24",
      "stage": "DISCOVERY",
      "bio_lead": 5,
      "chem_lead": null,
      "program_manager": null
    }
  },
  {
    "model": "example.programmilestone",
    "pk": 1,
    "fields": {
      "name": "Finish Target ID",
      "program": 1,
      "status": "ON_TRACK",
      "target_date": "2023-03-15",
      "completed_date": null
    }
  },
  {
    "model": "example.programmilestone",
    "pk": 2,
    "fields": {
      "name": "Choose Program Mascot",
      "program": 1,
      "status": "COMPLETE",
      "target_date": "2023-01-12",
      "completed_date": "2023-01-10"
    }
  },
  {
    "model": "example.assay",
    "pk": 1,
    "fields": {
      "name": "TSPAN6-QPCR-PR",
      "type": "VITRO",
      "descr": "QPCR assay on the TSPAN6 gene. Primary screening assay for the cold program.",
      "cell_line": 4,
      "for_program": 1
    }
  },
  {
    "model": "example.assay",
    "pk": 2,
    "fields": {
      "name": "TSPAN6-FLOW-2ND",
      "type": "VITRO",
      "descr": "Secondary flow-cytometry assay for Cold program.",
      "cell_line": 4,
      "for_program": 1
    }
  },
  {
    "model": "example.assay",
    "pk": 3,
    "fields": {
      "name": "TNMD-QPCR-EXPL",
      "type": "VITRO",
      "descr": "Exploratory assay for Stubbed Toes program.",
      "cell_line": 7,
      "for_program": 2
    }
  },
  {
    "model": "example.experiment",
    "pk": 1,
    "fields": {
      "name": "TSPAN6-QPCR-PR-1",
      "description": "Primary screen for Cold program.",
      "status": "COMPLETE",
      "program": 1,
      "bio_lead": 2,
      "target_start_date": "2022-11-24",
      "target_duration": null,
      "start_date": "2022-11-29",
      "end_date": "2023-01-10",
      "assay": 1,
      "type": "VITRO",
      "perturbations": null
    }
  },
  {
    "model": "example.experiment",
    "pk": 2,
    "fields": {
      "name": "TSPAN6-FLOW-2ND-1",
      "description": "Secondary screen for Cold program.",
      "status": "ON_TRACK",
      "program": 1,
      "bio_lead": 4,
      "target_start_date": "2023-01-24",
      "target_duration": null,
      "start_date": "2023-01-26",
      "end_date": null,
      "assay": 2,
      "type": "VITRO",
      "perturbations": null
    }
  },
  {
    "model": "example.experiment",
    "pk": 3,
    "fields": {
      "name": "TNMD-QPCR-EXPL-1",
      "description": "Exploratory experiment for stubbed toes program.",
      "status": "TODO",
      "program": 2,
      "bio_lead": 5,
      "target_start_date": "2023-02-09",
      "target_duration": null,
      "start_date": null,
      "end_date": null,
      "assay": 3,
      "type": "VITRO",
      "perturbations": null
    }
  },
  {
    "model": "example.experiment",
    "pk": 4,
    "fields": {
      "name": "TSPAN6-QPCR-PR-2",
      "description": "Screening addition compounds for Cold program.",
      "status": "TODO",
      "program": 1,
      "bio_lead": 4,
      "target_start_date": "2023-02-15",
      "target_duration": null,
      "start_date": null,
      "end_date": null,
      "assay": 1,
      "type": "VITRO",
      "perturbations": null
    }
  },
  {
    "model": "example.indication",
    "pk": 0,
    "fields": {
      "name": "Acquired Cognitive Impairment "
    }
  },
  {
    "model": "example.indication",
    "pk": 1,
    "fields": {
      "name": "Acute Respiratory Distress Syndrome "
    }
  },
  {
    "model": "example.indication",
    "pk": 2,
    "fields": {
      "name": "Adolescent Sexual Activity "
    }
  },
  {
    "model": "example.indication",
    "pk": 3,
    "fields": {
      "name": "Agent Orange & Dioxin "
    }
  },
  {
    "model": "example.indication",
    "pk": 4,
    "fields": {
      "name": "Aging "
    }
  },
  {
    "model": "example.indication",
    "pk": 5,
    "fields": {
      "name": "Alcoholism, Alcohol Use and Health 1"
    }
  },
  {
    "model": "example.indication",
    "pk": 6,
    "fields": {
      "name": "Allergic Rhinitis (Hay Fever) "
    }
  },
  {
    "model": "example.indication",
    "pk": 7,
    "fields": {
      "name": "ALS "
    }
  },
  {
    "model": "example.indication",
    "pk": 8,
    "fields": {
      "name": "Alzheimer's indication "
    }
  },
  {
    "model": "example.indication",
    "pk": 9,
    "fields": {
      "name": "Alzheimer's indication including Alzheimer's indication Related Dementias (AD/ADRD) 2"
    }
  },
  {
    "model": "example.indication",
    "pk": 10,
    "fields": {
      "name": "Alzheimer's indication Related Dementias (ADRD) 2"
    }
  },
  {
    "model": "example.indication",
    "pk": 11,
    "fields": {
      "name": "American Indian or Alaska Native 22"
    }
  },
  {
    "model": "example.indication",
    "pk": 12,
    "fields": {
      "name": "Anorexia "
    }
  },
  {
    "model": "example.indication",
    "pk": 13,
    "fields": {
      "name": "Anthrax "
    }
  },
  {
    "model": "example.indication",
    "pk": 14,
    "fields": {
      "name": "Antimicrobial Resistance "
    }
  },
  {
    "model": "example.indication",
    "pk": 15,
    "fields": {
      "name": "Anxiety Disorders "
    }
  },
  {
    "model": "example.indication",
    "pk": 16,
    "fields": {
      "name": "Aphasia "
    }
  },
  {
    "model": "example.indication",
    "pk": 17,
    "fields": {
      "name": "Arctic "
    }
  },
  {
    "model": "example.indication",
    "pk": 18,
    "fields": {
      "name": "Arthritis "
    }
  },
  {
    "model": "example.indication",
    "pk": 19,
    "fields": {
      "name": "Assistive Technology "
    }
  },
  {
    "model": "example.indication",
    "pk": 20,
    "fields": {
      "name": "Asthma "
    }
  },
  {
    "model": "example.indication",
    "pk": 21,
    "fields": {
      "name": "Ataxia Telangiectasia "
    }
  },
  {
    "model": "example.indication",
    "pk": 22,
    "fields": {
      "name": "Atherosclerosis "
    }
  },
  {
    "model": "example.indication",
    "pk": 23,
    "fields": {
      "name": "Attention Deficit Hyperactivity Disorder (ADHD) 36"
    }
  },
  {
    "model": "example.indication",
    "pk": 24,
    "fields": {
      "name": "Autism "
    }
  },
  {
    "model": "example.indication",
    "pk": 25,
    "fields": {
      "name": "Autoimmune indication "
    }
  },
  {
    "model": "example.indication",
    "pk": 26,
    "fields": {
      "name": "Back Pain "
    }
  },
  {
    "model": "example.indication",
    "pk": 27,
    "fields": {
      "name": "Basic Behavioral and Social Science "
    }
  },
  {
    "model": "example.indication",
    "pk": 28,
    "fields": {
      "name": "Batten indication "
    }
  },
  {
    "model": "example.indication",
    "pk": 29,
    "fields": {
      "name": "Behavioral and Social Science "
    }
  },
  {
    "model": "example.indication",
    "pk": 30,
    "fields": {
      "name": "Biodefense 3"
    }
  },
  {
    "model": "example.indication",
    "pk": 31,
    "fields": {
      "name": "Bioengineering "
    }
  },
  {
    "model": "example.indication",
    "pk": 32,
    "fields": {
      "name": "Biomedical Imaging 23"
    }
  },
  {
    "model": "example.indication",
    "pk": 33,
    "fields": {
      "name": "Biotechnology "
    }
  },
  {
    "model": "example.indication",
    "pk": 34,
    "fields": {
      "name": "Bipolar Disorder "
    }
  },
  {
    "model": "example.indication",
    "pk": 35,
    "fields": {
      "name": "Brain Cancer "
    }
  },
  {
    "model": "example.indication",
    "pk": 36,
    "fields": {
      "name": "Brain Disorders "
    }
  },
  {
    "model": "example.indication",
    "pk": 37,
    "fields": {
      "name": "Breast Cancer "
    }
  },
  {
    "model": "example.indication",
    "pk": 38,
    "fields": {
      "name": "Breastfeeding, Lactation and Breast Milk "
    }
  },
  {
    "model": "example.indication",
    "pk": 39,
    "fields": {
      "name": "Burden of Illness "
    }
  },
  {
    "model": "example.indication",
    "pk": 40,
    "fields": {
      "name": "Cachexia "
    }
  },
  {
    "model": "example.indication",
    "pk": 41,
    "fields": {
      "name": "Cancer "
    }
  },
  {
    "model": "example.indication",
    "pk": 42,
    "fields": {
      "name": "Cancer Genomics "
    }
  },
  {
    "model": "example.indication",
    "pk": 43,
    "fields": {
      "name": "Cannabidiol Research "
    }
  },
  {
    "model": "example.indication",
    "pk": 44,
    "fields": {
      "name": "Cannabinoid Research "
    }
  },
  {
    "model": "example.indication",
    "pk": 45,
    "fields": {
      "name": "Cardiovascular "
    }
  },
  {
    "model": "example.indication",
    "pk": 46,
    "fields": {
      "name": "Caregiving Research "
    }
  },
  {
    "model": "example.indication",
    "pk": 47,
    "fields": {
      "name": "Celiac indication "
    }
  },
  {
    "model": "example.indication",
    "pk": 48,
    "fields": {
      "name": "Cerebral Palsy "
    }
  },
  {
    "model": "example.indication",
    "pk": 49,
    "fields": {
      "name": "Cerebrovascular "
    }
  },
  {
    "model": "example.indication",
    "pk": 50,
    "fields": {
      "name": "Cervical Cancer "
    }
  },
  {
    "model": "example.indication",
    "pk": 51,
    "fields": {
      "name": "Charcot-Marie-Tooth indication "
    }
  },
  {
    "model": "example.indication",
    "pk": 52,
    "fields": {
      "name": "Child Abuse and Neglect Research "
    }
  },
  {
    "model": "example.indication",
    "pk": 53,
    "fields": {
      "name": "Childhood Injury 34"
    }
  },
  {
    "model": "example.indication",
    "pk": 54,
    "fields": {
      "name": "Childhood Leukemia "
    }
  },
  {
    "model": "example.indication",
    "pk": 55,
    "fields": {
      "name": "Childhood Obesity "
    }
  },
  {
    "model": "example.indication",
    "pk": 56,
    "fields": {
      "name": "Chronic Fatigue Syndrome (ME/CFS) "
    }
  },
  {
    "model": "example.indication",
    "pk": 57,
    "fields": {
      "name": "Chronic Liver indication and Cirrhosis "
    }
  },
  {
    "model": "example.indication",
    "pk": 58,
    "fields": {
      "name": "Chronic Obstructive Pulmonary indication "
    }
  },
  {
    "model": "example.indication",
    "pk": 59,
    "fields": {
      "name": "Chronic Pain 14"
    }
  },
  {
    "model": "example.indication",
    "pk": 60,
    "fields": {
      "name": "Climate Change 12"
    }
  },
  {
    "model": "example.indication",
    "pk": 61,
    "fields": {
      "name": "Climate-Related Exposures and Conditions "
    }
  },
  {
    "model": "example.indication",
    "pk": 62,
    "fields": {
      "name": "Clinical Research "
    }
  },
  {
    "model": "example.indication",
    "pk": 63,
    "fields": {
      "name": "Clinical Trials and Supportive Activities 17"
    }
  },
  {
    "model": "example.indication",
    "pk": 64,
    "fields": {
      "name": "Colo-Rectal Cancer "
    }
  },
  {
    "model": "example.indication",
    "pk": 65,
    "fields": {
      "name": "Comparative Effectiveness Research "
    }
  },
  {
    "model": "example.indication",
    "pk": 66,
    "fields": {
      "name": "Complementary and Integrative Health 27"
    }
  },
  {
    "model": "example.indication",
    "pk": 67,
    "fields": {
      "name": "Conditions Affecting the Embryonic and Fetal Periods 15"
    }
  },
  {
    "model": "example.indication",
    "pk": 68,
    "fields": {
      "name": "Congenital Heart indication "
    }
  },
  {
    "model": "example.indication",
    "pk": 69,
    "fields": {
      "name": "Congenital Muscular Dystrophy "
    }
  },
  {
    "model": "example.indication",
    "pk": 70,
    "fields": {
      "name": "Congenital Structural Anomalies "
    }
  },
  {
    "model": "example.indication",
    "pk": 71,
    "fields": {
      "name": "Contraception/Reproduction "
    }
  },
  {
    "model": "example.indication",
    "pk": 72,
    "fields": {
      "name": "Cooley's Anemia "
    }
  },
  {
    "model": "example.indication",
    "pk": 73,
    "fields": {
      "name": "Coronaviruses 28"
    }
  },
  {
    "model": "example.indication",
    "pk": 74,
    "fields": {
      "name": "Coronaviruses Diagnostics and Prognostics "
    }
  },
  {
    "model": "example.indication",
    "pk": 75,
    "fields": {
      "name": "Coronaviruses Disparities and At-Risk Populations "
    }
  },
  {
    "model": "example.indication",
    "pk": 76,
    "fields": {
      "name": "Coronaviruses Therapeutics and Interventions "
    }
  },
  {
    "model": "example.indication",
    "pk": 77,
    "fields": {
      "name": "Coronaviruses Vaccines "
    }
  },
  {
    "model": "example.indication",
    "pk": 78,
    "fields": {
      "name": "Cost Effectiveness Research "
    }
  },
  {
    "model": "example.indication",
    "pk": 79,
    "fields": {
      "name": "Crohn's indication "
    }
  },
  {
    "model": "example.indication",
    "pk": 80,
    "fields": {
      "name": "Cystic Fibrosis "
    }
  },
  {
    "model": "example.indication",
    "pk": 81,
    "fields": {
      "name": "Data Science "
    }
  },
  {
    "model": "example.indication",
    "pk": 82,
    "fields": {
      "name": "Dementia "
    }
  },
  {
    "model": "example.indication",
    "pk": 83,
    "fields": {
      "name": "Dental/Oral and Craniofacial indication "
    }
  },
  {
    "model": "example.indication",
    "pk": 84,
    "fields": {
      "name": "Depression "
    }
  },
  {
    "model": "example.indication",
    "pk": 85,
    "fields": {
      "name": "Diabetes 4"
    }
  },
  {
    "model": "example.indication",
    "pk": 86,
    "fields": {
      "name": "Dietary Supplements "
    }
  },
  {
    "model": "example.indication",
    "pk": 87,
    "fields": {
      "name": "Diethylstilbestrol (DES) "
    }
  },
  {
    "model": "example.indication",
    "pk": 88,
    "fields": {
      "name": "Digestive indications "
    }
  },
  {
    "model": "example.indication",
    "pk": 89,
    "fields": {
      "name": "Digestive indications - (Gallbladder) "
    }
  },
  {
    "model": "example.indication",
    "pk": 90,
    "fields": {
      "name": "Digestive indications - (Peptic Ulcer) "
    }
  },
  {
    "model": "example.indication",
    "pk": 91,
    "fields": {
      "name": "Dissemination and Implementation Research "
    }
  },
  {
    "model": "example.indication",
    "pk": 92,
    "fields": {
      "name": "Down Syndrome "
    }
  },
  {
    "model": "example.indication",
    "pk": 93,
    "fields": {
      "name": "Drug Abuse (NIDA only) 5"
    }
  },
  {
    "model": "example.indication",
    "pk": 94,
    "fields": {
      "name": "Duchenne/ Becker Muscular Dystrophy "
    }
  },
  {
    "model": "example.indication",
    "pk": 95,
    "fields": {
      "name": "Dystonia "
    }
  },
  {
    "model": "example.indication",
    "pk": 96,
    "fields": {
      "name": "Eating Disorders 6"
    }
  },
  {
    "model": "example.indication",
    "pk": 97,
    "fields": {
      "name": "Eczema / Atopic Dermatitis "
    }
  },
  {
    "model": "example.indication",
    "pk": 98,
    "fields": {
      "name": "Electronic Nicotine Delivery Systems "
    }
  },
  {
    "model": "example.indication",
    "pk": 99,
    "fields": {
      "name": "Emergency Care "
    }
  },
  {
    "model": "example.indication",
    "pk": 100,
    "fields": {
      "name": "Emerging Infectious indications "
    }
  },
  {
    "model": "example.indication",
    "pk": 101,
    "fields": {
      "name": "Emphysema "
    }
  },
  {
    "model": "example.indication",
    "pk": 102,
    "fields": {
      "name": "Endocannabinoid System Research "
    }
  },
  {
    "model": "example.indication",
    "pk": 103,
    "fields": {
      "name": "Endocrine Disruptors "
    }
  },
  {
    "model": "example.indication",
    "pk": 104,
    "fields": {
      "name": "Endometriosis "
    }
  },
  {
    "model": "example.indication",
    "pk": 105,
    "fields": {
      "name": "Epilepsy "
    }
  },
  {
    "model": "example.indication",
    "pk": 106,
    "fields": {
      "name": "Esophageal Cancer "
    }
  },
  {
    "model": "example.indication",
    "pk": 107,
    "fields": {
      "name": "Estrogen "
    }
  },
  {
    "model": "example.indication",
    "pk": 108,
    "fields": {
      "name": "Eye indication and Disorders of Vision "
    }
  },
  {
    "model": "example.indication",
    "pk": 109,
    "fields": {
      "name": "Facioscapulohumeral Muscular Dystrophy "
    }
  },
  {
    "model": "example.indication",
    "pk": 110,
    "fields": {
      "name": "Fetal Alcohol Spectrum Disorders (FASD) 35"
    }
  },
  {
    "model": "example.indication",
    "pk": 111,
    "fields": {
      "name": "Fibroid Tumors (Uterine) "
    }
  },
  {
    "model": "example.indication",
    "pk": 112,
    "fields": {
      "name": "Fibromyalgia "
    }
  },
  {
    "model": "example.indication",
    "pk": 113,
    "fields": {
      "name": "Firearms Research "
    }
  },
  {
    "model": "example.indication",
    "pk": 114,
    "fields": {
      "name": "Food Allergies "
    }
  },
  {
    "model": "example.indication",
    "pk": 115,
    "fields": {
      "name": "Foodborne Illness 7"
    }
  },
  {
    "model": "example.indication",
    "pk": 116,
    "fields": {
      "name": "Fragile X Syndrome "
    }
  },
  {
    "model": "example.indication",
    "pk": 117,
    "fields": {
      "name": "Frontotemporal Dementia (FTD) "
    }
  },
  {
    "model": "example.indication",
    "pk": 118,
    "fields": {
      "name": "Gene Therapy "
    }
  },
  {
    "model": "example.indication",
    "pk": 119,
    "fields": {
      "name": "Gene Therapy Clinical Trials "
    }
  },
  {
    "model": "example.indication",
    "pk": 120,
    "fields": {
      "name": "Genetic Testing "
    }
  },
  {
    "model": "example.indication",
    "pk": 121,
    "fields": {
      "name": "Genetics "
    }
  },
  {
    "model": "example.indication",
    "pk": 122,
    "fields": {
      "name": "Headaches "
    }
  },
  {
    "model": "example.indication",
    "pk": 123,
    "fields": {
      "name": "Health Disparities 30"
    }
  },
  {
    "model": "example.indication",
    "pk": 124,
    "fields": {
      "name": "Health Effects of Household Energy Combustion "
    }
  },
  {
    "model": "example.indication",
    "pk": 125,
    "fields": {
      "name": "Health Effects of Indoor Air Pollution "
    }
  },
  {
    "model": "example.indication",
    "pk": 126,
    "fields": {
      "name": "Health Services "
    }
  },
  {
    "model": "example.indication",
    "pk": 127,
    "fields": {
      "name": "Hearing Loss "
    }
  },
  {
    "model": "example.indication",
    "pk": 128,
    "fields": {
      "name": "Heart indication "
    }
  },
  {
    "model": "example.indication",
    "pk": 129,
    "fields": {
      "name": "Heart indication - Coronary Heart indication "
    }
  },
  {
    "model": "example.indication",
    "pk": 130,
    "fields": {
      "name": "Hematology "
    }
  },
  {
    "model": "example.indication",
    "pk": 131,
    "fields": {
      "name": "Hepatitis "
    }
  },
  {
    "model": "example.indication",
    "pk": 132,
    "fields": {
      "name": "Hepatitis - A "
    }
  },
  {
    "model": "example.indication",
    "pk": 133,
    "fields": {
      "name": "Hepatitis - B "
    }
  },
  {
    "model": "example.indication",
    "pk": 134,
    "fields": {
      "name": "Hepatitis - C "
    }
  },
  {
    "model": "example.indication",
    "pk": 135,
    "fields": {
      "name": "HIV/AIDS 9"
    }
  },
  {
    "model": "example.indication",
    "pk": 136,
    "fields": {
      "name": "Hodgkin's indication "
    }
  },
  {
    "model": "example.indication",
    "pk": 137,
    "fields": {
      "name": "Homelessness "
    }
  },
  {
    "model": "example.indication",
    "pk": 138,
    "fields": {
      "name": "Homicide and Legal Interventions "
    }
  },
  {
    "model": "example.indication",
    "pk": 139,
    "fields": {
      "name": "HPV and/or Cervical Cancer Vaccines "
    }
  },
  {
    "model": "example.indication",
    "pk": 140,
    "fields": {
      "name": "Human Fetal Tissue 11"
    }
  },
  {
    "model": "example.indication",
    "pk": 141,
    "fields": {
      "name": "Human Genome "
    }
  },
  {
    "model": "example.indication",
    "pk": 142,
    "fields": {
      "name": "Huntington's indication "
    }
  },
  {
    "model": "example.indication",
    "pk": 143,
    "fields": {
      "name": "Hydrocephalus "
    }
  },
  {
    "model": "example.indication",
    "pk": 144,
    "fields": {
      "name": "Hyperbaric Oxygen "
    }
  },
  {
    "model": "example.indication",
    "pk": 145,
    "fields": {
      "name": "Hypertension "
    }
  },
  {
    "model": "example.indication",
    "pk": 146,
    "fields": {
      "name": "Immunization "
    }
  },
  {
    "model": "example.indication",
    "pk": 147,
    "fields": {
      "name": "Immunotherapy "
    }
  },
  {
    "model": "example.indication",
    "pk": 148,
    "fields": {
      "name": "Infant Mortality "
    }
  },
  {
    "model": "example.indication",
    "pk": 149,
    "fields": {
      "name": "Infectious indications "
    }
  },
  {
    "model": "example.indication",
    "pk": 150,
    "fields": {
      "name": "Infertility "
    }
  },
  {
    "model": "example.indication",
    "pk": 151,
    "fields": {
      "name": "Inflammatory Bowel indication "
    }
  },
  {
    "model": "example.indication",
    "pk": 152,
    "fields": {
      "name": "Influenza "
    }
  },
  {
    "model": "example.indication",
    "pk": 153,
    "fields": {
      "name": "Intellectual and Developmental Disabilities (IDD) 15"
    }
  },
  {
    "model": "example.indication",
    "pk": 154,
    "fields": {
      "name": "Interstitial Cystitis "
    }
  },
  {
    "model": "example.indication",
    "pk": 155,
    "fields": {
      "name": "Kidney indication "
    }
  },
  {
    "model": "example.indication",
    "pk": 156,
    "fields": {
      "name": "Lead Poisoning "
    }
  },
  {
    "model": "example.indication",
    "pk": 157,
    "fields": {
      "name": "Lewy Body Dementia "
    }
  },
  {
    "model": "example.indication",
    "pk": 158,
    "fields": {
      "name": "Liver Cancer "
    }
  },
  {
    "model": "example.indication",
    "pk": 159,
    "fields": {
      "name": "Liver indication "
    }
  },
  {
    "model": "example.indication",
    "pk": 160,
    "fields": {
      "name": "Lung "
    }
  },
  {
    "model": "example.indication",
    "pk": 161,
    "fields": {
      "name": "Lung Cancer "
    }
  },
  {
    "model": "example.indication",
    "pk": 162,
    "fields": {
      "name": "Lupus "
    }
  },
  {
    "model": "example.indication",
    "pk": 163,
    "fields": {
      "name": "Lyme indication "
    }
  },
  {
    "model": "example.indication",
    "pk": 164,
    "fields": {
      "name": "Lymphatic Research "
    }
  },
  {
    "model": "example.indication",
    "pk": 165,
    "fields": {
      "name": "Lymphedema "
    }
  },
  {
    "model": "example.indication",
    "pk": 166,
    "fields": {
      "name": "Lymphoma "
    }
  },
  {
    "model": "example.indication",
    "pk": 167,
    "fields": {
      "name": "Machine Learning and Artificial Intelligence "
    }
  },
  {
    "model": "example.indication",
    "pk": 168,
    "fields": {
      "name": "Macular Degeneration "
    }
  },
  {
    "model": "example.indication",
    "pk": 169,
    "fields": {
      "name": "Major Depressive Disorder "
    }
  },
  {
    "model": "example.indication",
    "pk": 170,
    "fields": {
      "name": "Malaria "
    }
  },
  {
    "model": "example.indication",
    "pk": 171,
    "fields": {
      "name": "Malaria Vaccine "
    }
  },
  {
    "model": "example.indication",
    "pk": 172,
    "fields": {
      "name": "Maternal Health "
    }
  },
  {
    "model": "example.indication",
    "pk": 173,
    "fields": {
      "name": "Maternal Morbidity and Mortality "
    }
  },
  {
    "model": "example.indication",
    "pk": 174,
    "fields": {
      "name": "Mental Health "
    }
  },
  {
    "model": "example.indication",
    "pk": 175,
    "fields": {
      "name": "Mental Illness "
    }
  },
  {
    "model": "example.indication",
    "pk": 176,
    "fields": {
      "name": "Methamphetamine "
    }
  },
  {
    "model": "example.indication",
    "pk": 177,
    "fields": {
      "name": "Microbiome "
    }
  },
  {
    "model": "example.indication",
    "pk": 178,
    "fields": {
      "name": "Migraines "
    }
  },
  {
    "model": "example.indication",
    "pk": 179,
    "fields": {
      "name": "Mind and Body "
    }
  },
  {
    "model": "example.indication",
    "pk": 180,
    "fields": {
      "name": "Minority Health 30"
    }
  },
  {
    "model": "example.indication",
    "pk": 181,
    "fields": {
      "name": "Mucopolysaccharidoses (MPS) "
    }
  },
  {
    "model": "example.indication",
    "pk": 182,
    "fields": {
      "name": "Multiple Sclerosis "
    }
  },
  {
    "model": "example.indication",
    "pk": 183,
    "fields": {
      "name": "Muscular Dystrophy "
    }
  },
  {
    "model": "example.indication",
    "pk": 184,
    "fields": {
      "name": "Myasthenia Gravis "
    }
  },
  {
    "model": "example.indication",
    "pk": 185,
    "fields": {
      "name": "Myotonic Dystrophy "
    }
  },
  {
    "model": "example.indication",
    "pk": 186,
    "fields": {
      "name": "Nanotechnology 12"
    }
  },
  {
    "model": "example.indication",
    "pk": 187,
    "fields": {
      "name": "Neck Pain "
    }
  },
  {
    "model": "example.indication",
    "pk": 188,
    "fields": {
      "name": "Neonatal Respiratory Distress 20"
    }
  },
  {
    "model": "example.indication",
    "pk": 189,
    "fields": {
      "name": "Networking and Information Technology R&D (NITRD) 12"
    }
  },
  {
    "model": "example.indication",
    "pk": 190,
    "fields": {
      "name": "Neuroblastoma "
    }
  },
  {
    "model": "example.indication",
    "pk": 191,
    "fields": {
      "name": "Neurodegenerative "
    }
  },
  {
    "model": "example.indication",
    "pk": 192,
    "fields": {
      "name": "Neurofibromatosis "
    }
  },
  {
    "model": "example.indication",
    "pk": 193,
    "fields": {
      "name": "Neurosciences "
    }
  },
  {
    "model": "example.indication",
    "pk": 194,
    "fields": {
      "name": "Nutrition "
    }
  },
  {
    "model": "example.indication",
    "pk": 195,
    "fields": {
      "name": "Obesity "
    }
  },
  {
    "model": "example.indication",
    "pk": 196,
    "fields": {
      "name": "Opioid Misuse and Addiction 26"
    }
  },
  {
    "model": "example.indication",
    "pk": 197,
    "fields": {
      "name": "Opioids 26"
    }
  },
  {
    "model": "example.indication",
    "pk": 198,
    "fields": {
      "name": "Organ Transplantation "
    }
  },
  {
    "model": "example.indication",
    "pk": 199,
    "fields": {
      "name": "Orphan Drug "
    }
  },
  {
    "model": "example.indication",
    "pk": 200,
    "fields": {
      "name": "Osteoarthritis "
    }
  },
  {
    "model": "example.indication",
    "pk": 201,
    "fields": {
      "name": "Osteogenesis Imperfecta "
    }
  },
  {
    "model": "example.indication",
    "pk": 202,
    "fields": {
      "name": "Osteoporosis "
    }
  },
  {
    "model": "example.indication",
    "pk": 203,
    "fields": {
      "name": "Otitis Media "
    }
  },
  {
    "model": "example.indication",
    "pk": 204,
    "fields": {
      "name": "Ovarian Cancer "
    }
  },
  {
    "model": "example.indication",
    "pk": 205,
    "fields": {
      "name": "Paget's indication "
    }
  },
  {
    "model": "example.indication",
    "pk": 206,
    "fields": {
      "name": "Pain Research 26"
    }
  },
  {
    "model": "example.indication",
    "pk": 207,
    "fields": {
      "name": "Pancreatic Cancer "
    }
  },
  {
    "model": "example.indication",
    "pk": 208,
    "fields": {
      "name": "Parkinson's indication "
    }
  },
  {
    "model": "example.indication",
    "pk": 209,
    "fields": {
      "name": "Patient Safety "
    }
  },
  {
    "model": "example.indication",
    "pk": 210,
    "fields": {
      "name": "Pediatric "
    }
  },
  {
    "model": "example.indication",
    "pk": 211,
    "fields": {
      "name": "Pediatric AIDS 9"
    }
  },
  {
    "model": "example.indication",
    "pk": 212,
    "fields": {
      "name": "Pediatric Cancer "
    }
  },
  {
    "model": "example.indication",
    "pk": 213,
    "fields": {
      "name": "Pediatric Cardiomyopathy "
    }
  },
  {
    "model": "example.indication",
    "pk": 214,
    "fields": {
      "name": "Pelvic Inflammatory indication "
    }
  },
  {
    "model": "example.indication",
    "pk": 215,
    "fields": {
      "name": "Perinatal Period - Conditions Originating in Perinatal Period "
    }
  },
  {
    "model": "example.indication",
    "pk": 216,
    "fields": {
      "name": "Peripheral Neuropathy 18"
    }
  },
  {
    "model": "example.indication",
    "pk": 217,
    "fields": {
      "name": "Physical Activity "
    }
  },
  {
    "model": "example.indication",
    "pk": 218,
    "fields": {
      "name": "Physical Injury - Accidents and Adverse Effects 29"
    }
  },
  {
    "model": "example.indication",
    "pk": 219,
    "fields": {
      "name": "Physical Rehabilitation "
    }
  },
  {
    "model": "example.indication",
    "pk": 220,
    "fields": {
      "name": "Pick's indication "
    }
  },
  {
    "model": "example.indication",
    "pk": 221,
    "fields": {
      "name": "Pneumonia "
    }
  },
  {
    "model": "example.indication",
    "pk": 222,
    "fields": {
      "name": "Pneumonia & Influenza "
    }
  },
  {
    "model": "example.indication",
    "pk": 223,
    "fields": {
      "name": "Polycystic Kidney indication "
    }
  },
  {
    "model": "example.indication",
    "pk": 224,
    "fields": {
      "name": "Post-Traumatic Stress Disorder (PTSD) "
    }
  },
  {
    "model": "example.indication",
    "pk": 225,
    "fields": {
      "name": "Postural Orthostatic Tachycardia Syndrome "
    }
  },
  {
    "model": "example.indication",
    "pk": 226,
    "fields": {
      "name": "Precision Medicine "
    }
  },
  {
    "model": "example.indication",
    "pk": 227,
    "fields": {
      "name": "Pregnancy "
    }
  },
  {
    "model": "example.indication",
    "pk": 228,
    "fields": {
      "name": "Prescription Drug Abuse 38"
    }
  },
  {
    "model": "example.indication",
    "pk": 229,
    "fields": {
      "name": "Preterm, Low Birth Weight and Health of the Newborn 21"
    }
  },
  {
    "model": "example.indication",
    "pk": 230,
    "fields": {
      "name": "Prevention "
    }
  },
  {
    "model": "example.indication",
    "pk": 231,
    "fields": {
      "name": "Prostate Cancer "
    }
  },
  {
    "model": "example.indication",
    "pk": 232,
    "fields": {
      "name": "Psoriasis "
    }
  },
  {
    "model": "example.indication",
    "pk": 233,
    "fields": {
      "name": "Radiation Oncology "
    }
  },
  {
    "model": "example.indication",
    "pk": 234,
    "fields": {
      "name": "Rare indications "
    }
  },
  {
    "model": "example.indication",
    "pk": 235,
    "fields": {
      "name": "Regenerative Medicine "
    }
  },
  {
    "model": "example.indication",
    "pk": 236,
    "fields": {
      "name": "Rehabilitation "
    }
  },
  {
    "model": "example.indication",
    "pk": 237,
    "fields": {
      "name": "Rett Syndrome "
    }
  },
  {
    "model": "example.indication",
    "pk": 238,
    "fields": {
      "name": "Rheumatoid Arthritis "
    }
  },
  {
    "model": "example.indication",
    "pk": 239,
    "fields": {
      "name": "Rural Health "
    }
  },
  {
    "model": "example.indication",
    "pk": 240,
    "fields": {
      "name": "Sarcopenia "
    }
  },
  {
    "model": "example.indication",
    "pk": 241,
    "fields": {
      "name": "Schizophrenia "
    }
  },
  {
    "model": "example.indication",
    "pk": 242,
    "fields": {
      "name": "Scleroderma "
    }
  },
  {
    "model": "example.indication",
    "pk": 243,
    "fields": {
      "name": "Screening And Brief Intervention For Substance Abuse 38"
    }
  },
  {
    "model": "example.indication",
    "pk": 244,
    "fields": {
      "name": "Sepsis 15"
    }
  },
  {
    "model": "example.indication",
    "pk": 245,
    "fields": {
      "name": "Serious Mental Illness "
    }
  },
  {
    "model": "example.indication",
    "pk": 246,
    "fields": {
      "name": "Sexual and Gender Minorities (SGM/LGBT*) 10"
    }
  },
  {
    "model": "example.indication",
    "pk": 247,
    "fields": {
      "name": "Sexually Transmitted Infections 24"
    }
  },
  {
    "model": "example.indication",
    "pk": 248,
    "fields": {
      "name": "Sickle Cell indication "
    }
  },
  {
    "model": "example.indication",
    "pk": 249,
    "fields": {
      "name": "Sleep Research "
    }
  },
  {
    "model": "example.indication",
    "pk": 250,
    "fields": {
      "name": "Small Pox "
    }
  },
  {
    "model": "example.indication",
    "pk": 251,
    "fields": {
      "name": "Social Determinants of Health "
    }
  },
  {
    "model": "example.indication",
    "pk": 252,
    "fields": {
      "name": "Spina Bifida "
    }
  },
  {
    "model": "example.indication",
    "pk": 253,
    "fields": {
      "name": "Spinal Cord Injury "
    }
  },
  {
    "model": "example.indication",
    "pk": 254,
    "fields": {
      "name": "Spinal Muscular Atrophy "
    }
  },
  {
    "model": "example.indication",
    "pk": 255,
    "fields": {
      "name": "Stem Cell Research "
    }
  },
  {
    "model": "example.indication",
    "pk": 256,
    "fields": {
      "name": "Stem Cell Research - Embryonic - Human "
    }
  },
  {
    "model": "example.indication",
    "pk": 257,
    "fields": {
      "name": "Stem Cell Research - Embryonic - Non-Human "
    }
  },
  {
    "model": "example.indication",
    "pk": 258,
    "fields": {
      "name": "Stem Cell Research - Induced Pluripotent Stem Cell "
    }
  },
  {
    "model": "example.indication",
    "pk": 259,
    "fields": {
      "name": "Stem Cell Research - Induced Pluripotent Stem Cell - Human "
    }
  },
  {
    "model": "example.indication",
    "pk": 260,
    "fields": {
      "name": "Stem Cell Research - Induced Pluripotent Stem Cell - Non-Human "
    }
  },
  {
    "model": "example.indication",
    "pk": 261,
    "fields": {
      "name": "Stem Cell Research - Nonembryonic - Human "
    }
  },
  {
    "model": "example.indication",
    "pk": 262,
    "fields": {
      "name": "Stem Cell Research - Nonembryonic - Non-Human "
    }
  },
  {
    "model": "example.indication",
    "pk": 263,
    "fields": {
      "name": "Stem Cell Research - Umbilical Cord Blood/ Placenta "
    }
  },
  {
    "model": "example.indication",
    "pk": 264,
    "fields": {
      "name": "Stem Cell Research - Umbilical Cord Blood/ Placenta - Human "
    }
  },
  {
    "model": "example.indication",
    "pk": 265,
    "fields": {
      "name": "Stem Cell Research - Umbilical Cord Blood/ Placenta - Non-Human "
    }
  },
  {
    "model": "example.indication",
    "pk": 266,
    "fields": {
      "name": "Stomach Cancer "
    }
  },
  {
    "model": "example.indication",
    "pk": 267,
    "fields": {
      "name": "Stroke "
    }
  },
  {
    "model": "example.indication",
    "pk": 268,
    "fields": {
      "name": "Substance Abuse Prevention 38"
    }
  },
  {
    "model": "example.indication",
    "pk": 269,
    "fields": {
      "name": "Substance Misuse 37"
    }
  },
  {
    "model": "example.indication",
    "pk": 270,
    "fields": {
      "name": "Sudden Infant Death Syndrome "
    }
  },
  {
    "model": "example.indication",
    "pk": 271,
    "fields": {
      "name": "Suicide "
    }
  },
  {
    "model": "example.indication",
    "pk": 272,
    "fields": {
      "name": "Suicide Prevention "
    }
  },
  {
    "model": "example.indication",
    "pk": 273,
    "fields": {
      "name": "Teenage Pregnancy "
    }
  },
  {
    "model": "example.indication",
    "pk": 274,
    "fields": {
      "name": "Telehealth "
    }
  },
  {
    "model": "example.indication",
    "pk": 275,
    "fields": {
      "name": "Temporomandibular Muscle/Joint Disorder (TMJD) "
    }
  },
  {
    "model": "example.indication",
    "pk": 276,
    "fields": {
      "name": "Therapeutic Cannabinoid Research "
    }
  },
  {
    "model": "example.indication",
    "pk": 277,
    "fields": {
      "name": "Tickborne indications "
    }
  },
  {
    "model": "example.indication",
    "pk": 278,
    "fields": {
      "name": "Tobacco "
    }
  },
  {
    "model": "example.indication",
    "pk": 279,
    "fields": {
      "name": "Tobacco Smoke and Health 25"
    }
  },
  {
    "model": "example.indication",
    "pk": 280,
    "fields": {
      "name": "Topical Microbicides "
    }
  },
  {
    "model": "example.indication",
    "pk": 281,
    "fields": {
      "name": "Tourette Syndrome "
    }
  },
  {
    "model": "example.indication",
    "pk": 282,
    "fields": {
      "name": "Transmissible Spongiform Encephalopathy (TSE) "
    }
  },
  {
    "model": "example.indication",
    "pk": 283,
    "fields": {
      "name": "Transplantation "
    }
  },
  {
    "model": "example.indication",
    "pk": 284,
    "fields": {
      "name": "Traumatic Brain Injury (TBI) 32"
    }
  },
  {
    "model": "example.indication",
    "pk": 285,
    "fields": {
      "name": "Traumatic Head and Spine Injury 33"
    }
  },
  {
    "model": "example.indication",
    "pk": 286,
    "fields": {
      "name": "Tuberculosis "
    }
  },
  {
    "model": "example.indication",
    "pk": 287,
    "fields": {
      "name": "Tuberculosis Vaccine "
    }
  },
  {
    "model": "example.indication",
    "pk": 288,
    "fields": {
      "name": "Tuberous Sclerosis "
    }
  },
  {
    "model": "example.indication",
    "pk": 289,
    "fields": {
      "name": "Underage Drinking "
    }
  },
  {
    "model": "example.indication",
    "pk": 290,
    "fields": {
      "name": "Underage Drinking - Prevention & Treatment (NIAAA Only) 16"
    }
  },
  {
    "model": "example.indication",
    "pk": 291,
    "fields": {
      "name": "Unintentional Childhood Injury 31"
    }
  },
  {
    "model": "example.indication",
    "pk": 292,
    "fields": {
      "name": "Urologic indications "
    }
  },
  {
    "model": "example.indication",
    "pk": 293,
    "fields": {
      "name": "Usher Syndrome "
    }
  },
  {
    "model": "example.indication",
    "pk": 294,
    "fields": {
      "name": "Uterine Cancer "
    }
  },
  {
    "model": "example.indication",
    "pk": 295,
    "fields": {
      "name": "Vaccine Related "
    }
  },
  {
    "model": "example.indication",
    "pk": 296,
    "fields": {
      "name": "Vaccine Related (AIDS) 9"
    }
  },
  {
    "model": "example.indication",
    "pk": 297,
    "fields": {
      "name": "Vaginal Cancer "
    }
  },
  {
    "model": "example.indication",
    "pk": 298,
    "fields": {
      "name": "Valley Fever "
    }
  },
  {
    "model": "example.indication",
    "pk": 299,
    "fields": {
      "name": "Vascular Cognitive Impairment/Dementia "
    }
  },
  {
    "model": "example.indication",
    "pk": 300,
    "fields": {
      "name": "Vector-Borne indications "
    }
  },
  {
    "model": "example.indication",
    "pk": 301,
    "fields": {
      "name": "Violence Against Women "
    }
  },
  {
    "model": "example.indication",
    "pk": 302,
    "fields": {
      "name": "Violence Research "
    }
  },
  {
    "model": "example.indication",
    "pk": 303,
    "fields": {
      "name": "Vulvodynia "
    }
  },
  {
    "model": "example.indication",
    "pk": 304,
    "fields": {
      "name": "West Nile Virus "
    }
  },
  {
    "model": "example.indication",
    "pk": 305,
    "fields": {
      "name": "Women's Health 8"
    }
  },
  {
    "model": "example.indication",
    "pk": 306,
    "fields": {
      "name": "Wound Healing and Care "
    }
  },
  {
    "model": "example.indication",
    "pk": 307,
    "fields": {
      "name": "Youth Violence "
    }
  },
  {
    "model": "example.indication",
    "pk": 308,
    "fields": {
      "name": "Youth Violence Prevention "
    }
  },
  {
    "model": "example.species",
    "pk": 0,
    "fields": {
      "name": "Homo sapiens"
    }
  },
  {
    "model": "example.organ",
    "pk": 0,
    "fields": {
      "name": "muscle"
    }
  },
  {
    "model": "example.organ",
    "pk": 1,
    "fields": {
      "name": "ovary"
    }
  },
  {
    "model": "example.organ",
    "pk": 2,
    "fields": {
      "name": "skin"
    }
  },
  {
    "model": "example.organ",
    "pk": 3,
    "fields": {
      "name": "head & neck"
    }
  },
  {
    "model": "example.organ",
    "pk": 4,
    "fields": {
      "name": "stomach"
    }
  },
  {
    "model": "example.organ",
    "pk": 5,
    "fields": {
      "name": "liver"
    }
  },
  {
    "model": "example.organ",
    "pk": 6,
    "fields": {
      "name": "pancreas"
    }
  },
  {
    "model": "example.organ",
    "pk": 7,
    "fields": {
      "name": "urinary bladder"
    }
  },
  {
    "model": "example.organ",
    "pk": 8,
    "fields": {
      "name": "nervous system"
    }
  },
  {
    "model": "example.organ",
    "pk": 9,
    "fields": {
      "name": "blood"
    }
  },
  {
    "model": "example.organ",
    "pk": 10,
    "fields": {
      "name": "esophagus"
    }
  },
  {
    "model": "example.organ",
    "pk": 11,
    "fields": {
      "name": "kidney"
    }
  },
  {
    "model": "example.organ",
    "pk": 12,
    "fields": {
      "name": "prostate"
    }
  },
  {
    "model": "example.organ",
    "pk": 13,
    "fields": {
      "name": "brain"
    }
  },
  {
    "model": "example.organ",
    "pk": 14,
    "fields": {
      "name": "cervix"
    }
  },
  {
    "model": "example.organ",
    "pk": 15,
    "fields": {
      "name": "breast"
    }
  },
  {
    "model": "example.organ",
    "pk": 16,
    "fields": {
      "name": "lymphatic system"
    }
  },
  {
    "model": "example.organ",
    "pk": 17,
    "fields": {
      "name": "uterus"
    }
  },
  {
    "model": "example.organ",
    "pk": 18,
    "fields": {
      "name": "intestine"
    }
  },
  {
    "model": "example.organ",
    "pk": 19,
    "fields": {
      "name": "lung"
    }
  },
  {
    "model": "example.tissue",
    "pk": 0,
    "fields": {
      "name": "duct"
    }
  },
  {
    "model": "example.tissue",
    "pk": 1,
    "fields": {
      "name": null
    }
  },
  {
    "model": "example.celltype",
    "pk": 0,
    "fields": {
      "name": "epithelial-like"
    }
  },
  {
    "model": "example.celltype",
    "pk": 1,
    "fields": {
      "name": "epithelioid"
    }
  },
  {
    "model": "example.celltype",
    "pk": 2,
    "fields": {
      "name": "melanocyte"
    }
  },
  {
    "model": "example.celltype",
    "pk": 3,
    "fields": {
      "name": "large cell"
    }
  },
  {
    "model": "example.celltype",
    "pk": 4,
    "fields": {
      "name": "fibroblastic"
    }
  },
  {
    "model": "example.celltype",
    "pk": 5,
    "fields": {
      "name": null
    }
  },
  {
    "model": "example.celltype",
    "pk": 6,
    "fields": {
      "name": "epithelial"
    }
  },
  {
    "model": "example.celltype",
    "pk": 7,
    "fields": {
      "name": "spherical"
    }
  },
  {
    "model": "example.celltype",
    "pk": 8,
    "fields": {
      "name": "fibroblast"
    }
  },
  {
    "model": "example.cellline",
    "pk": 0,
    "fields": {
      "name": "5637",
      "species": 0,
      "organ": 7,
      "tissue": 1,
      "cell_type": 6
    }
  },
  {
    "model": "example.cellline",
    "pk": 1,
    "fields": {
      "name": "647-V",
      "species": 0,
      "organ": 7,
      "tissue": 1,
      "cell_type": 0
    }
  },
  {
    "model": "example.cellline",
    "pk": 2,
    "fields": {
      "name": "A375.S2",
      "species": 0,
      "organ": 2,
      "tissue": 1,
      "cell_type": 6
    }
  },
  {
    "model": "example.cellline",
    "pk": 3,
    "fields": {
      "name": "AGS",
      "species": 0,
      "organ": 4,
      "tissue": 1,
      "cell_type": 6
    }
  },
  {
    "model": "example.cellline",
    "pk": 4,
    "fields": {
      "name": "BPH-1",
      "species": 0,
      "organ": 12,
      "tissue": 1,
      "cell_type": 1
    }
  },
  {
    "model": "example.cellline",
    "pk": 5,
    "fields": {
      "name": "Ca Ski",
      "species": 0,
      "organ": 14,
      "tissue": 1,
      "cell_type": 6
    }
  },
  {
    "model": "example.cellline",
    "pk": 6,
    "fields": {
      "name": "Ca9-22",
      "species": 0,
      "organ": 3,
      "tissue": 1,
      "cell_type": 0
    }
  },
  {
    "model": "example.cellline",
    "pk": 7,
    "fields": {
      "name": "CAL-51",
      "species": 0,
      "organ": 15,
      "tissue": 1,
      "cell_type": 0
    }
  },
  {
    "model": "example.cellline",
    "pk": 8,
    "fields": {
      "name": "Calu-1",
      "species": 0,
      "organ": 19,
      "tissue": 1,
      "cell_type": 6
    }
  },
  {
    "model": "example.cellline",
    "pk": 9,
    "fields": {
      "name": "Calu-3",
      "species": 0,
      "organ": 19,
      "tissue": 1,
      "cell_type": 6
    }
  },
  {
    "model": "example.cellline",
    "pk": 10,
    "fields": {
      "name": "COLO-679",
      "species": 0,
      "organ": 2,
      "tissue": 1,
      "cell_type": 4
    }
  },
  {
    "model": "example.cellline",
    "pk": 11,
    "fields": {
      "name": "COLO-800",
      "species": 0,
      "organ": 2,
      "tissue": 1,
      "cell_type": 0
    }
  },
  {
    "model": "example.cellline",
    "pk": 12,
    "fields": {
      "name": "FU97",
      "species": 0,
      "organ": 4,
      "tissue": 1,
      "cell_type": 0
    }
  },
  {
    "model": "example.cellline",
    "pk": 13,
    "fields": {
      "name": "HEC-1",
      "species": 0,
      "organ": 17,
      "tissue": 1,
      "cell_type": 5
    }
  },
  {
    "model": "example.cellline",
    "pk": 14,
    "fields": {
      "name": "HLF",
      "species": 0,
      "organ": 5,
      "tissue": 1,
      "cell_type": 5
    }
  },
  {
    "model": "example.cellline",
    "pk": 15,
    "fields": {
      "name": "HUTU-80",
      "species": 0,
      "organ": 18,
      "tissue": 1,
      "cell_type": 6
    }
  },
  {
    "model": "example.cellline",
    "pk": 16,
    "fields": {
      "name": "IA-LM",
      "species": 0,
      "organ": 19,
      "tissue": 1,
      "cell_type": 5
    }
  },
  {
    "model": "example.cellline",
    "pk": 17,
    "fields": {
      "name": "Ishikawa",
      "species": 0,
      "organ": 17,
      "tissue": 1,
      "cell_type": 0
    }
  },
  {
    "model": "example.cellline",
    "pk": 18,
    "fields": {
      "name": "Ishikawa (Heraklio) 02 ER-",
      "species": 0,
      "organ": 17,
      "tissue": 1,
      "cell_type": 6
    }
  },
  {
    "model": "example.cellline",
    "pk": 19,
    "fields": {
      "name": "IST-MEL1",
      "species": 0,
      "organ": 2,
      "tissue": 1,
      "cell_type": 0
    }
  },
  {
    "model": "example.cellline",
    "pk": 20,
    "fields": {
      "name": "JHH-6",
      "species": 0,
      "organ": 5,
      "tissue": 1,
      "cell_type": 0
    }
  },
  {
    "model": "example.cellline",
    "pk": 21,
    "fields": {
      "name": "KATO III",
      "species": 0,
      "organ": 4,
      "tissue": 1,
      "cell_type": 7
    }
  },
  {
    "model": "example.cellline",
    "pk": 22,
    "fields": {
      "name": "KMRC-20",
      "species": 0,
      "organ": 11,
      "tissue": 1,
      "cell_type": 0
    }
  },
  {
    "model": "example.cellline",
    "pk": 23,
    "fields": {
      "name": "KYSE-140",
      "species": 0,
      "organ": 10,
      "tissue": 1,
      "cell_type": 5
    }
  },
  {
    "model": "example.cellline",
    "pk": 24,
    "fields": {
      "name": "KYSE-150",
      "species": 0,
      "organ": 10,
      "tissue": 1,
      "cell_type": 1
    }
  },
  {
    "model": "example.cellline",
    "pk": 25,
    "fields": {
      "name": "KYSE-180",
      "species": 0,
      "organ": 10,
      "tissue": 1,
      "cell_type": 1
    }
  },
  {
    "model": "example.cellline",
    "pk": 26,
    "fields": {
      "name": "KYSE-450",
      "species": 0,
      "organ": 10,
      "tissue": 1,
      "cell_type": 1
    }
  },
  {
    "model": "example.cellline",
    "pk": 27,
    "fields": {
      "name": "LNZTA3WT4",
      "species": 0,
      "organ": 13,
      "tissue": 1,
      "cell_type": 5
    }
  },
  {
    "model": "example.cellline",
    "pk": 28,
    "fields": {
      "name": "MCF7",
      "species": 0,
      "organ": 15,
      "tissue": 1,
      "cell_type": 6
    }
  },
  {
    "model": "example.cellline",
    "pk": 29,
    "fields": {
      "name": "MDA-MB-435S",
      "species": 0,
      "organ": 2,
      "tissue": 1,
      "cell_type": 2
    }
  },
  {
    "model": "example.cellline",
    "pk": 30,
    "fields": {
      "name": "MT-3",
      "species": 0,
      "organ": 15,
      "tissue": 1,
      "cell_type": 6
    }
  },
  {
    "model": "example.cellline",
    "pk": 31,
    "fields": {
      "name": "NCI-H1648",
      "species": 0,
      "organ": 19,
      "tissue": 1,
      "cell_type": 5
    }
  },
  {
    "model": "example.cellline",
    "pk": 32,
    "fields": {
      "name": "NCI-H1651",
      "species": 0,
      "organ": 19,
      "tissue": 1,
      "cell_type": 6
    }
  },
  {
    "model": "example.cellline",
    "pk": 33,
    "fields": {
      "name": "NCI-H1703",
      "species": 0,
      "organ": 19,
      "tissue": 1,
      "cell_type": 6
    }
  },
  {
    "model": "example.cellline",
    "pk": 34,
    "fields": {
      "name": "NCI-H1915",
      "species": 0,
      "organ": 19,
      "tissue": 1,
      "cell_type": 3
    }
  },
  {
    "model": "example.cellline",
    "pk": 35,
    "fields": {
      "name": "NCI-H2023",
      "species": 0,
      "organ": 19,
      "tissue": 1,
      "cell_type": 5
    }
  },
  {
    "model": "example.cellline",
    "pk": 36,
    "fields": {
      "name": "NCI-H810",
      "species": 0,
      "organ": 19,
      "tissue": 1,
      "cell_type": 6
    }
  },
  {
    "model": "example.cellline",
    "pk": 37,
    "fields": {
      "name": "PC-9",
      "species": 0,
      "organ": 19,
      "tissue": 1,
      "cell_type": 5
    }
  },
  {
    "model": "example.cellline",
    "pk": 38,
    "fields": {
      "name": "PE/CA-PJ15",
      "species": 0,
      "organ": 3,
      "tissue": 1,
      "cell_type": 0
    }
  },
  {
    "model": "example.cellline",
    "pk": 39,
    "fields": {
      "name": "PL4",
      "species": 0,
      "organ": 6,
      "tissue": 1,
      "cell_type": 5
    }
  },
  {
    "model": "example.cellline",
    "pk": 40,
    "fields": {
      "name": "SJCRH30",
      "species": 0,
      "organ": 0,
      "tissue": 1,
      "cell_type": 8
    }
  },
  {
    "model": "example.cellline",
    "pk": 41,
    "fields": {
      "name": "SK-LMS-1",
      "species": 0,
      "organ": 17,
      "tissue": 1,
      "cell_type": 5
    }
  },
  {
    "model": "example.cellline",
    "pk": 42,
    "fields": {
      "name": "SK-MES",
      "species": 0,
      "organ": 19,
      "tissue": 1,
      "cell_type": 6
    }
  },
  {
    "model": "example.cellline",
    "pk": 43,
    "fields": {
      "name": "SK-OV-3",
      "species": 0,
      "organ": 1,
      "tissue": 1,
      "cell_type": 6
    }
  },
  {
    "model": "example.cellline",
    "pk": 44,
    "fields": {
      "name": "SNB75",
      "species": 0,
      "organ": 13,
      "tissue": 1,
      "cell_type": 5
    }
  },
  {
    "model": "example.cellline",
    "pk": 45,
    "fields": {
      "name": "SW527",
      "species": 0,
      "organ": 15,
      "tissue": 1,
      "cell_type": 6
    }
  },
  {
    "model": "example.cellline",
    "pk": 46,
    "fields": {
      "name": "SW620",
      "species": 0,
      "organ": 18,
      "tissue": 1,
      "cell_type": 6
    }
  },
  {
    "model": "example.cellline",
    "pk": 47,
    "fields": {
      "name": "T24",
      "species": 0,
      "organ": 7,
      "tissue": 1,
      "cell_type": 6
    }
  },
  {
    "model": "example.cellline",
    "pk": 48,
    "fields": {
      "name": "WiDr",
      "species": 0,
      "organ": 18,
      "tissue": 1,
      "cell_type": 6
    }
  },
  {
    "model": "example.cellline",
    "pk": 49,
    "fields": {
      "name": "HME1",
      "species": 0,
      "organ": 15,
      "tissue": 1,
      "cell_type": 6
    }
  },
  {
    "model": "example.cellline",
    "pk": 50,
    "fields": {
      "name": "SK-BR-3",
      "species": 0,
      "organ": 15,
      "tissue": 1,
      "cell_type": 6
    }
  },
  {
    "model": "example.cellline",
    "pk": 51,
    "fields": {
      "name": "MDA-MB-231",
      "species": 0,
      "organ": 15,
      "tissue": 1,
      "cell_type": 6
    }
  },
  {
    "model": "example.cellline",
    "pk": 52,
    "fields": {
      "name": "A-375",
      "species": 0,
      "organ": 2,
      "tissue": 1,
      "cell_type": 6
    }
  },
  {
    "model": "example.cellline",
    "pk": 53,
    "fields": {
      "name": "HeLa",
      "species": 0,
      "organ": 14,
      "tissue": 1,
      "cell_type": 6
    }
  },
  {
    "model": "example.cellline",
    "pk": 54,
    "fields": {
      "name": "A549",
      "species": 0,
      "organ": 19,
      "tissue": 1,
      "cell_type": 5
    }
  },
  {
    "model": "example.cellline",
    "pk": 55,
    "fields": {
      "name": "AU565",
      "species": 0,
      "organ": 15,
      "tissue": 1,
      "cell_type": 5
    }
  },
  {
    "model": "example.cellline",
    "pk": 56,
    "fields": {
      "name": "BT-20",
      "species": 0,
      "organ": 15,
      "tissue": 1,
      "cell_type": 5
    }
  },
  {
    "model": "example.cellline",
    "pk": 57,
    "fields": {
      "name": "BT-474",
      "species": 0,
      "organ": 15,
      "tissue": 1,
      "cell_type": 5
    }
  },
  {
    "model": "example.cellline",
    "pk": 58,
    "fields": {
      "name": "BT-483",
      "species": 0,
      "organ": 15,
      "tissue": 1,
      "cell_type": 5
    }
  },
  {
    "model": "example.cellline",
    "pk": 59,
    "fields": {
      "name": "BT-549",
      "species": 0,
      "organ": 15,
      "tissue": 1,
      "cell_type": 5
    }
  },
  {
    "model": "example.cellline",
    "pk": 60,
    "fields": {
      "name": "C32",
      "species": 0,
      "organ": 2,
      "tissue": 1,
      "cell_type": 5
    }
  },
  {
    "model": "example.cellline",
    "pk": 61,
    "fields": {
      "name": "CAMA-1",
      "species": 0,
      "organ": 15,
      "tissue": 1,
      "cell_type": 5
    }
  },
  {
    "model": "example.cellline",
    "pk": 62,
    "fields": {
      "name": "COLO 858",
      "species": 0,
      "organ": 2,
      "tissue": 1,
      "cell_type": 5
    }
  },
  {
    "model": "example.cellline",
    "pk": 63,
    "fields": {
      "name": "HCC1143",
      "species": 0,
      "organ": 15,
      "tissue": 1,
      "cell_type": 5
    }
  },
  {
    "model": "example.cellline",
    "pk": 64,
    "fields": {
      "name": "HCC1395",
      "species": 0,
      "organ": 15,
      "tissue": 1,
      "cell_type": 5
    }
  },
  {
    "model": "example.cellline",
    "pk": 65,
    "fields": {
      "name": "HCC1419",
      "species": 0,
      "organ": 15,
      "tissue": 1,
      "cell_type": 5
    }
  },
  {
    "model": "example.cellline",
    "pk": 66,
    "fields": {
      "name": "HCC1428",
      "species": 0,
      "organ": 15,
      "tissue": 1,
      "cell_type": 5
    }
  },
  {
    "model": "example.cellline",
    "pk": 67,
    "fields": {
      "name": "HCC1569",
      "species": 0,
      "organ": 15,
      "tissue": 1,
      "cell_type": 5
    }
  },
  {
    "model": "example.cellline",
    "pk": 68,
    "fields": {
      "name": "HCC1806",
      "species": 0,
      "organ": 15,
      "tissue": 1,
      "cell_type": 5
    }
  },
  {
    "model": "example.cellline",
    "pk": 69,
    "fields": {
      "name": "HCC1937",
      "species": 0,
      "organ": 15,
      "tissue": 1,
      "cell_type": 5
    }
  },
  {
    "model": "example.cellline",
    "pk": 70,
    "fields": {
      "name": "HCC1954",
      "species": 0,
      "organ": 15,
      "tissue": 1,
      "cell_type": 5
    }
  },
  {
    "model": "example.cellline",
    "pk": 71,
    "fields": {
      "name": "HCC202",
      "species": 0,
      "organ": 15,
      "tissue": 1,
      "cell_type": 5
    }
  },
  {
    "model": "example.cellline",
    "pk": 72,
    "fields": {
      "name": "HCC38",
      "species": 0,
      "organ": 15,
      "tissue": 1,
      "cell_type": 5
    }
  },
  {
    "model": "example.cellline",
    "pk": 73,
    "fields": {
      "name": "HCC70",
      "species": 0,
      "organ": 15,
      "tissue": 1,
      "cell_type": 5
    }
  },
  {
    "model": "example.cellline",
    "pk": 74,
    "fields": {
      "name": "Hs 578T",
      "species": 0,
      "organ": 15,
      "tissue": 1,
      "cell_type": 5
    }
  },
  {
    "model": "example.cellline",
    "pk": 75,
    "fields": {
      "name": "MB 157",
      "species": 0,
      "organ": 15,
      "tissue": 1,
      "cell_type": 5
    }
  },
  {
    "model": "example.cellline",
    "pk": 76,
    "fields": {
      "name": "MDA-MB-134-VI",
      "species": 0,
      "organ": 15,
      "tissue": 1,
      "cell_type": 5
    }
  },
  {
    "model": "example.cellline",
    "pk": 77,
    "fields": {
      "name": "MDA-MB-157",
      "species": 0,
      "organ": 15,
      "tissue": 1,
      "cell_type": 5
    }
  },
  {
    "model": "example.cellline",
    "pk": 78,
    "fields": {
      "name": "MDA-MB-175-VII",
      "species": 0,
      "organ": 15,
      "tissue": 1,
      "cell_type": 5
    }
  },
  {
    "model": "example.cellline",
    "pk": 79,
    "fields": {
      "name": "MDA-MB-361",
      "species": 0,
      "organ": 15,
      "tissue": 1,
      "cell_type": 5
    }
  },
  {
    "model": "example.cellline",
    "pk": 80,
    "fields": {
      "name": "MDA-MB-415",
      "species": 0,
      "organ": 15,
      "tissue": 1,
      "cell_type": 5
    }
  },
  {
    "model": "example.cellline",
    "pk": 81,
    "fields": {
      "name": "MDA-MB-436",
      "species": 0,
      "organ": 15,
      "tissue": 1,
      "cell_type": 5
    }
  },
  {
    "model": "example.cellline",
    "pk": 82,
    "fields": {
      "name": "MDA-MB-453",
      "species": 0,
      "organ": 15,
      "tissue": 1,
      "cell_type": 5
    }
  },
  {
    "model": "example.cellline",
    "pk": 83,
    "fields": {
      "name": "MDA-MB-468",
      "species": 0,
      "organ": 15,
      "tissue": 1,
      "cell_type": 5
    }
  },
  {
    "model": "example.cellline",
    "pk": 84,
    "fields": {
      "name": "PC-3",
      "species": 0,
      "organ": 12,
      "tissue": 1,
      "cell_type": 5
    }
  },
  {
    "model": "example.cellline",
    "pk": 85,
    "fields": {
      "name": "RVH-421",
      "species": 0,
      "organ": 2,
      "tissue": 1,
      "cell_type": 5
    }
  },
  {
    "model": "example.cellline",
    "pk": 86,
    "fields": {
      "name": "T47D",
      "species": 0,
      "organ": 15,
      "tissue": 1,
      "cell_type": 5
    }
  },
  {
    "model": "example.cellline",
    "pk": 87,
    "fields": {
      "name": "UACC-812",
      "species": 0,
      "organ": 15,
      "tissue": 1,
      "cell_type": 5
    }
  },
  {
    "model": "example.cellline",
    "pk": 88,
    "fields": {
      "name": "UACC-893",
      "species": 0,
      "organ": 15,
      "tissue": 1,
      "cell_type": 5
    }
  },
  {
    "model": "example.cellline",
    "pk": 89,
    "fields": {
      "name": "WM-115",
      "species": 0,
      "organ": 2,
      "tissue": 1,
      "cell_type": 5
    }
  },
  {
    "model": "example.cellline",
    "pk": 90,
    "fields": {
      "name": "WM1552C",
      "species": 0,
      "organ": 2,
      "tissue": 1,
      "cell_type": 5
    }
  },
  {
    "model": "example.cellline",
    "pk": 91,
    "fields": {
      "name": "ZR-75-1",
      "species": 0,
      "organ": 15,
      "tissue": 1,
      "cell_type": 5
    }
  },
  {
    "model": "example.cellline",
    "pk": 92,
    "fields": {
      "name": "ZR-75-30",
      "species": 0,
      "organ": 15,
      "tissue": 1,
      "cell_type": 5
    }
  },
  {
    "model": "example.cellline",
    "pk": 93,
    "fields": {
      "name": "184B5",
      "species": 0,
      "organ": 15,
      "tissue": 1,
      "cell_type": 6
    }
  },
  {
    "model": "example.cellline",
    "pk": 94,
    "fields": {
      "name": "DU4475",
      "species": 0,
      "organ": 15,
      "tissue": 1,
      "cell_type": 6
    }
  },
  {
    "model": "example.cellline",
    "pk": 95,
    "fields": {
      "name": "HCC1187",
      "species": 0,
      "organ": 15,
      "tissue": 0,
      "cell_type": 6
    }
  },
  {
    "model": "example.cellline",
    "pk": 96,
    "fields": {
      "name": "HCC1500",
      "species": 0,
      "organ": 15,
      "tissue": 0,
      "cell_type": 6
    }
  },
  {
    "model": "example.cellline",
    "pk": 97,
    "fields": {
      "name": "HCC1599",
      "species": 0,
      "organ": 15,
      "tissue": 0,
      "cell_type": 6
    }
  },
  {
    "model": "example.cellline",
    "pk": 98,
    "fields": {
      "name": "HCC2157",
      "species": 0,
      "organ": 15,
      "tissue": 0,
      "cell_type": 6
    }
  },
  {
    "model": "example.cellline",
    "pk": 99,
    "fields": {
      "name": "HCC2218",
      "species": 0,
      "organ": 15,
      "tissue": 0,
      "cell_type": 6
    }
  },
  {
    "model": "example.cellline",
    "pk": 100,
    "fields": {
      "name": "MCF 10A",
      "species": 0,
      "organ": 15,
      "tissue": 1,
      "cell_type": 6
    }
  },
  {
    "model": "example.cellline",
    "pk": 101,
    "fields": {
      "name": "MCF 10F",
      "species": 0,
      "organ": 15,
      "tissue": 1,
      "cell_type": 6
    }
  },
  {
    "model": "example.cellline",
    "pk": 102,
    "fields": {
      "name": "Ramos (RA 1)",
      "species": 0,
      "organ": 9,
      "tissue": 1,
      "cell_type": 5
    }
  },
  {
    "model": "example.cellline",
    "pk": 103,
    "fields": {
      "name": "THP-1",
      "species": 0,
      "organ": 9,
      "tissue": 1,
      "cell_type": 5
    }
  },
  {
    "model": "example.cellline",
    "pk": 104,
    "fields": {
      "name": "U-87 MG",
      "species": 0,
      "organ": 13,
      "tissue": 1,
      "cell_type": 5
    }
  },
  {
    "model": "example.cellline",
    "pk": 105,
    "fields": {
      "name": "U-937",
      "species": 0,
      "organ": 16,
      "tissue": 1,
      "cell_type": 5
    }
  },
  {
    "model": "example.cellline",
    "pk": 106,
    "fields": {
      "name": "LOXIMVI",
      "species": 0,
      "organ": 2,
      "tissue": 1,
      "cell_type": 5
    }
  },
  {
    "model": "example.cellline",
    "pk": 107,
    "fields": {
      "name": "MMAC-SF",
      "species": 0,
      "organ": 2,
      "tissue": 1,
      "cell_type": 5
    }
  },
  {
    "model": "example.cellline",
    "pk": 108,
    "fields": {
      "name": "MZ7-mel",
      "species": 0,
      "organ": 2,
      "tissue": 1,
      "cell_type": 5
    }
  },
  {
    "model": "example.cellline",
    "pk": 109,
    "fields": {
      "name": "SUM1315MO2",
      "species": 0,
      "organ": 15,
      "tissue": 1,
      "cell_type": 5
    }
  },
  {
    "model": "example.cellline",
    "pk": 110,
    "fields": {
      "name": "SUM149PT",
      "species": 0,
      "organ": 15,
      "tissue": 1,
      "cell_type": 5
    }
  },
  {
    "model": "example.cellline",
    "pk": 111,
    "fields": {
      "name": "SUM159PT",
      "species": 0,
      "organ": 15,
      "tissue": 1,
      "cell_type": 5
    }
  },
  {
    "model": "example.cellline",
    "pk": 112,
    "fields": {
      "name": "SUM185PE",
      "species": 0,
      "organ": 15,
      "tissue": 1,
      "cell_type": 5
    }
  },
  {
    "model": "example.cellline",
    "pk": 113,
    "fields": {
      "name": "SUM225CWN",
      "species": 0,
      "organ": 15,
      "tissue": 1,
      "cell_type": 5
    }
  },
  {
    "model": "example.cellline",
    "pk": 114,
    "fields": {
      "name": "SUM229PE",
      "species": 0,
      "organ": 15,
      "tissue": 1,
      "cell_type": 5
    }
  },
  {
    "model": "example.cellline",
    "pk": 115,
    "fields": {
      "name": "SUM52PE",
      "species": 0,
      "organ": 15,
      "tissue": 1,
      "cell_type": 5
    }
  },
  {
    "model": "example.cellline",
    "pk": 116,
    "fields": {
      "name": "184A1",
      "species": 0,
      "organ": 15,
      "tissue": 1,
      "cell_type": 5
    }
  },
  {
    "model": "example.cellline",
    "pk": 117,
    "fields": {
      "name": "MCF12A",
      "species": 0,
      "organ": 15,
      "tissue": 1,
      "cell_type": 5
    }
  },
  {
    "model": "example.cellline",
    "pk": 118,
    "fields": {
      "name": "MX1",
      "species": 0,
      "organ": 15,
      "tissue": 1,
      "cell_type": 5
    }
  },
  {
    "model": "example.cellline",
    "pk": 119,
    "fields": {
      "name": "T47DKBLUC",
      "species": 0,
      "organ": 15,
      "tissue": 1,
      "cell_type": 5
    }
  },
  {
    "model": "example.cellline",
    "pk": 120,
    "fields": {
      "name": "600MPE",
      "species": 0,
      "organ": 15,
      "tissue": 1,
      "cell_type": 5
    }
  },
  {
    "model": "example.cellline",
    "pk": 121,
    "fields": {
      "name": "HCC2185",
      "species": 0,
      "organ": 15,
      "tissue": 1,
      "cell_type": 5
    }
  },
  {
    "model": "example.cellline",
    "pk": 122,
    "fields": {
      "name": "HCC3153",
      "species": 0,
      "organ": 15,
      "tissue": 1,
      "cell_type": 5
    }
  },
  {
    "model": "example.cellline",
    "pk": 123,
    "fields": {
      "name": "LY2",
      "species": 0,
      "organ": 15,
      "tissue": 1,
      "cell_type": 5
    }
  },
  {
    "model": "example.cellline",
    "pk": 124,
    "fields": {
      "name": "ZR75B",
      "species": 0,
      "organ": 15,
      "tissue": 1,
      "cell_type": 5
    }
  },
  {
    "model": "example.cellline",
    "pk": 125,
    "fields": {
      "name": "BCWM.1",
      "species": 0,
      "organ": 9,
      "tissue": 1,
      "cell_type": 5
    }
  },
  {
    "model": "example.cellline",
    "pk": 126,
    "fields": {
      "name": "MWCL.1",
      "species": 0,
      "organ": 9,
      "tissue": 1,
      "cell_type": 5
    }
  },
  {
    "model": "example.cellline",
    "pk": 127,
    "fields": {
      "name": "NGP",
      "species": 0,
      "organ": 8,
      "tissue": 1,
      "cell_type": 5
    }
  },
  {
    "model": "example.cellline",
    "pk": 128,
    "fields": {
      "name": "K2",
      "species": 0,
      "organ": 2,
      "tissue": 1,
      "cell_type": 5
    }
  },
  {
    "model": "example.cellline",
    "pk": 129,
    "fields": {
      "name": "SKMEL28",
      "species": 0,
      "organ": 2,
      "tissue": 1,
      "cell_type": 5
    }
  },
  {
    "model": "example.cellline",
    "pk": 130,
    "fields": {
      "name": "HeLa ICRP",
      "species": 0,
      "organ": 14,
      "tissue": 1,
      "cell_type": 6
    }
  },
  {
    "model": "example.cellline",
    "pk": 131,
    "fields": {
      "name": "HeLa ICRP FLIP-L-mCherry",
      "species": 0,
      "organ": 14,
      "tissue": 1,
      "cell_type": 6
    }
  },
  {
    "model": "example.cellline",
    "pk": 132,
    "fields": {
      "name": "HeLa ICRP FLIP-S-mCherry",
      "species": 0,
      "organ": 14,
      "tissue": 1,
      "cell_type": 6
    }
  },
  {
    "model": "example.cellline",
    "pk": 133,
    "fields": {
      "name": "HeLa ICRP Bcl-2-mCherry",
      "species": 0,
      "organ": 14,
      "tissue": 1,
      "cell_type": 6
    }
  },
  {
    "model": "example.cellline",
    "pk": 134,
    "fields": {
      "name": "HeLa ICRP Bcl-XL-mCherry",
      "species": 0,
      "organ": 14,
      "tissue": 1,
      "cell_type": 6
    }
  },
  {
    "model": "example.cellline",
    "pk": 135,
    "fields": {
      "name": "21MT-1",
      "species": 0,
      "organ": 15,
      "tissue": 1,
      "cell_type": 6
    }
  },
  {
    "model": "example.cellline",
    "pk": 136,
    "fields": {
      "name": "21NT",
      "species": 0,
      "organ": 15,
      "tissue": 1,
      "cell_type": 6
    }
  },
  {
    "model": "example.cellline",
    "pk": 137,
    "fields": {
      "name": "21PT",
      "species": 0,
      "organ": 15,
      "tissue": 1,
      "cell_type": 6
    }
  },
  {
    "model": "example.cellline",
    "pk": 138,
    "fields": {
      "name": "CAL-120",
      "species": 0,
      "organ": 15,
      "tissue": 1,
      "cell_type": 5
    }
  },
  {
    "model": "example.cellline",
    "pk": 139,
    "fields": {
      "name": "CAL-148",
      "species": 0,
      "organ": 15,
      "tissue": 1,
      "cell_type": 1
    }
  },
  {
    "model": "example.cellline",
    "pk": 140,
    "fields": {
      "name": "CAL-85-1",
      "species": 0,
      "organ": 15,
      "tissue": 1,
      "cell_type": 6
    }
  },
  {
    "model": "example.cellline",
    "pk": 141,
    "fields": {
      "name": "EFM-19",
      "species": 0,
      "organ": 15,
      "tissue": 1,
      "cell_type": 1
    }
  },
  {
    "model": "example.cellline",
    "pk": 142,
    "fields": {
      "name": "EFM-192A",
      "species": 0,
      "organ": 15,
      "tissue": 1,
      "cell_type": 1
    }
  },
  {
    "model": "example.cellline",
    "pk": 143,
    "fields": {
      "name": "EFM-192B",
      "species": 0,
      "organ": 15,
      "tissue": 1,
      "cell_type": 1
    }
  },
  {
    "model": "example.cellline",
    "pk": 144,
    "fields": {
      "name": "EFM-192C",
      "species": 0,
      "organ": 15,
      "tissue": 1,
      "cell_type": 1
    }
  },
  {
    "model": "example.cellline",
    "pk": 145,
    "fields": {
      "name": "HBL-100",
      "species": 0,
      "organ": 15,
      "tissue": 1,
      "cell_type": 6
    }
  },
  {
    "model": "example.cellline",
    "pk": 146,
    "fields": {
      "name": "JIMT-1",
      "species": 0,
      "organ": 15,
      "tissue": 1,
      "cell_type": 6
    }
  },
  {
    "model": "example.cellline",
    "pk": 147,
    "fields": {
      "name": "HMT-3522 S1",
      "species": 0,
      "organ": 15,
      "tissue": 1,
      "cell_type": 6
    }
  },
  {
    "model": "example.cellline",
    "pk": 148,
    "fields": {
      "name": "SUM102PT",
      "species": 0,
      "organ": 15,
      "tissue": 1,
      "cell_type": 5
    }
  },
  {
    "model": "example.cellline",
    "pk": 149,
    "fields": {
      "name": "SUM190PT",
      "species": 0,
      "organ": 15,
      "tissue": 1,
      "cell_type": 5
    }
  },
  {
    "model": "example.cellline",
    "pk": 150,
    "fields": {
      "name": "SUM44PE",
      "species": 0,
      "organ": 15,
      "tissue": 1,
      "cell_type": 5
    }
  },
  {
    "model": "example.cellline",
    "pk": 151,
    "fields": {
      "name": "HMT-3522 T4-2",
      "species": 0,
      "organ": 15,
      "tissue": 1,
      "cell_type": 6
    }
  },
  {
    "model": "example.cellline",
    "pk": 152,
    "fields": {
      "name": "MCF 10A-H2B-mCherry",
      "species": 0,
      "organ": 15,
      "tissue": 1,
      "cell_type": 6
    }
  },
  {
    "model": "example.cellline",
    "pk": 153,
    "fields": {
      "name": "184A1 F3aN400-Venus NLS-mCherry",
      "species": 0,
      "organ": 15,
      "tissue": 1,
      "cell_type": 5
    }
  },
  {
    "model": "example.cellline",
    "pk": 154,
    "fields": {
      "name": "MCF 10A F3aN400-Venus-P2A-NLS-mCherry",
      "species": 0,
      "organ": 15,
      "tissue": 1,
      "cell_type": 6
    }
  },
  {
    "model": "example.cellline",
    "pk": 155,
    "fields": {
      "name": "MCF 10A F3aN400S294A/S344A-Venus-P2A-NLS-mCherry",
      "species": 0,
      "organ": 15,
      "tissue": 1,
      "cell_type": 6
    }
  },
  {
    "model": "example.cellline",
    "pk": 156,
    "fields": {
      "name": "MCF 10A F3aN400T32A/S253A/S315A-Venus-P2A-NLS-mCherry",
      "species": 0,
      "organ": 15,
      "tissue": 1,
      "cell_type": 6
    }
  },
  {
    "model": "example.cellline",
    "pk": 157,
    "fields": {
      "name": "184A1 F3aN400-Venus-P2A-NLS-mCherry",
      "species": 0,
      "organ": 15,
      "tissue": 1,
      "cell_type": 5
    }
  },
  {
    "model": "example.cellline",
    "pk": 158,
    "fields": {
      "name": "184A1 F3aN400S294A/S344A-Venus-P2A-NLS-mCherry",
      "species": 0,
      "organ": 15,
      "tissue": 1,
      "cell_type": 5
    }
  },
  {
    "model": "example.cellline",
    "pk": 159,
    "fields": {
      "name": "184A1 F3aN400T32A/S253A/S315A-Venus-P2A-NLS-mCherry",
      "species": 0,
      "organ": 15,
      "tissue": 1,
      "cell_type": 5
    }
  },
  {
    "model": "example.cellline",
    "pk": 160,
    "fields": {
      "name": "MCF 10A EKAREV-P2A-F3aN400-mCherry",
      "species": 0,
      "organ": 15,
      "tissue": 1,
      "cell_type": 6
    }
  },
  {
    "model": "example.cellline",
    "pk": 161,
    "fields": {
      "name": "MCF 10A EKAREV H2B-mCherry",
      "species": 0,
      "organ": 15,
      "tissue": 1,
      "cell_type": 6
    }
  },
  {
    "model": "example.cellline",
    "pk": 162,
    "fields": {
      "name": "PDX1258",
      "species": 0,
      "organ": 15,
      "tissue": 1,
      "cell_type": 6
    }
  },
  {
    "model": "example.cellline",
    "pk": 163,
    "fields": {
      "name": "PDX1328",
      "species": 0,
      "organ": 15,
      "tissue": 1,
      "cell_type": 6
    }
  },
  {
    "model": "example.cellline",
    "pk": 164,
    "fields": {
      "name": "PDXHCI002",
      "species": 0,
      "organ": 15,
      "tissue": 1,
      "cell_type": 6
    }
  },
  {
    "model": "example.cellline",
    "pk": 165,
    "fields": {
      "name": "PDX1206",
      "species": 0,
      "organ": 15,
      "tissue": 1,
      "cell_type": 6
    }
  },
  {
    "model": "example.cellline",
    "pk": 166,
    "fields": {
      "name": "EVSA-T",
      "species": 0,
      "organ": 15,
      "tissue": 1,
      "cell_type": 6
    }
  },
  {
    "model": "example.cellline",
    "pk": 167,
    "fields": {
      "name": "MDAMB330",
      "species": 0,
      "organ": 15,
      "tissue": 1,
      "cell_type": 6
    }
  },
  {
    "model": "example.cellline",
    "pk": 168,
    "fields": {
      "name": "MGH312",
      "species": 0,
      "organ": 15,
      "tissue": 1,
      "cell_type": 6
    }
  },
  {
    "model": "example.cellline",
    "pk": 169,
    "fields": {
      "name": "MGH358",
      "species": 0,
      "organ": 15,
      "tissue": 1,
      "cell_type": 6
    }
  },
  {
    "model": "example.gene",
    "pk": 0,
    "fields": {
      "name": "TSPAN6",
      "species": 0
    }
  },
  {
    "model": "example.gene",
    "pk": 1,
    "fields": {
      "name": "TNMD",
      "species": 0
    }
  },
  {
    "model": "example.gene",
    "pk": 2,
    "fields": {
      "name": "DPM1",
      "species": 0
    }
  },
  {
    "model": "example.gene",
    "pk": 3,
    "fields": {
      "name": "SCYL3",
      "species": 0
    }
  },
  {
    "model": "example.gene",
    "pk": 4,
    "fields": {
      "name": "C1orf112",
      "species": 0
    }
  },
  {
    "model": "example.gene",
    "pk": 5,
    "fields": {
      "name": "FGR",
      "species": 0
    }
  },
  {
    "model": "example.gene",
    "pk": 6,
    "fields": {
      "name": "CFH",
      "species": 0
    }
  },
  {
    "model": "example.gene",
    "pk": 7,
    "fields": {
      "name": "FUCA2",
      "species": 0
    }
  },
  {
    "model": "example.gene",
    "pk": 8,
    "fields": {
      "name": "GCLC",
      "species": 0
    }
  },
  {
    "model": "example.gene",
    "pk": 9,
    "fields": {
      "name": "NFYA",
      "species": 0
    }
  },
  {
    "model": "example.gene",
    "pk": 10,
    "fields": {
      "name": "STPG1",
      "species": 0
    }
  },
  {
    "model": "example.gene",
    "pk": 11,
    "fields": {
      "name": "NIPAL3",
      "species": 0
    }
  },
  {
    "model": "example.gene",
    "pk": 12,
    "fields": {
      "name": "LAS1L",
      "species": 0
    }
  },
  {
    "model": "example.gene",
    "pk": 13,
    "fields": {
      "name": "ENPP4",
      "species": 0
    }
  },
  {
    "model": "example.gene",
    "pk": 14,
    "fields": {
      "name": "SEMA3F",
      "species": 0
    }
  },
  {
    "model": "example.gene",
    "pk": 15,
    "fields": {
      "name": "CFTR",
      "species": 0
    }
  },
  {
    "model": "example.gene",
    "pk": 16,
    "fields": {
      "name": "ANKIB1",
      "species": 0
    }
  },
  {
    "model": "example.gene",
    "pk": 17,
    "fields": {
      "name": "CYP51A1",
      "species": 0
    }
  },
  {
    "model": "example.gene",
    "pk": 18,
    "fields": {
      "name": "KRIT1",
      "species": 0
    }
  },
  {
    "model": "example.gene",
    "pk": 19,
    "fields": {
      "name": "RAD52",
      "species": 0
    }
  },
  {
    "model": "example.gene",
    "pk": 20,
    "fields": {
      "name": "BAD",
      "species": 0
    }
  },
  {
    "model": "example.gene",
    "pk": 21,
    "fields": {
      "name": "LAP3",
      "species": 0
    }
  },
  {
    "model": "example.gene",
    "pk": 22,
    "fields": {
      "name": "CD99",
      "species": 0
    }
  },
  {
    "model": "example.gene",
    "pk": 23,
    "fields": {
      "name": "HS3ST1",
      "species": 0
    }
  },
  {
    "model": "example.gene",
    "pk": 24,
    "fields": {
      "name": "AOC1",
      "species": 0
    }
  },
  {
    "model": "example.gene",
    "pk": 25,
    "fields": {
      "name": "WNT16",
      "species": 0
    }
  },
  {
    "model": "example.gene",
    "pk": 26,
    "fields": {
      "name": "HECW1",
      "species": 0
    }
  },
  {
    "model": "example.gene",
    "pk": 27,
    "fields": {
      "name": "MAD1L1",
      "species": 0
    }
  },
  {
    "model": "example.gene",
    "pk": 28,
    "fields": {
      "name": "LASP1",
      "species": 0
    }
  },
  {
    "model": "example.gene",
    "pk": 29,
    "fields": {
      "name": "SNX11",
      "species": 0
    }
  },
  {
    "model": "example.gene",
    "pk": 30,
    "fields": {
      "name": "TMEM176A",
      "species": 0
    }
  },
  {
    "model": "example.gene",
    "pk": 31,
    "fields": {
      "name": "M6PR",
      "species": 0
    }
  },
  {
    "model": "example.gene",
    "pk": 32,
    "fields": {
      "name": "KLHL13",
      "species": 0
    }
  },
  {
    "model": "example.gene",
    "pk": 33,
    "fields": {
      "name": "CYP26B1",
      "species": 0
    }
  },
  {
    "model": "example.gene",
    "pk": 34,
    "fields": {
      "name": "ICA1",
      "species": 0
    }
  },
  {
    "model": "example.gene",
    "pk": 35,
    "fields": {
      "name": "DBNDD1",
      "species": 0
    }
  },
  {
    "model": "example.gene",
    "pk": 36,
    "fields": {
      "name": "ALS2",
      "species": 0
    }
  },
  {
    "model": "example.gene",
    "pk": 37,
    "fields": {
      "name": "CASP10",
      "species": 0
    }
  },
  {
    "model": "example.gene",
    "pk": 38,
    "fields": {
      "name": "CFLAR",
      "species": 0
    }
  },
  {
    "model": "example.gene",
    "pk": 39,
    "fields": {
      "name": "TFPI",
      "species": 0
    }
  },
  {
    "model": "example.gene",
    "pk": 40,
    "fields": {
      "name": "NDUFAF7",
      "species": 0
    }
  },
  {
    "model": "example.gene",
    "pk": 41,
    "fields": {
      "name": "RBM5",
      "species": 0
    }
  },
  {
    "model": "example.gene",
    "pk": 42,
    "fields": {
      "name": "MTMR7",
      "species": 0
    }
  },
  {
    "model": "example.gene",
    "pk": 43,
    "fields": {
      "name": "SLC7A2",
      "species": 0
    }
  },
  {
    "model": "example.gene",
    "pk": 44,
    "fields": {
      "name": "ARF5",
      "species": 0
    }
  },
  {
    "model": "example.gene",
    "pk": 45,
    "fields": {
      "name": "SARM1",
      "species": 0
    }
  },
  {
    "model": "example.gene",
    "pk": 46,
    "fields": {
      "name": "POLDIP2",
      "species": 0
    }
  },
  {
    "model": "example.gene",
    "pk": 47,
    "fields": {
      "name": "PLXND1",
      "species": 0
    }
  },
  {
    "model": "example.gene",
    "pk": 48,
    "fields": {
      "name": "AK2",
      "species": 0
    }
  },
  {
    "model": "example.gene",
    "pk": 49,
    "fields": {
      "name": "CD38",
      "species": 0
    }
  },
  {
    "model": "example.gene",
    "pk": 50,
    "fields": {
      "name": "FKBP4",
      "species": 0
    }
  },
  {
    "model": "example.gene",
    "pk": 51,
    "fields": {
      "name": "KDM1A",
      "species": 0
    }
  },
  {
    "model": "example.gene",
    "pk": 52,
    "fields": {
      "name": "RBM6",
      "species": 0
    }
  },
  {
    "model": "example.gene",
    "pk": 53,
    "fields": {
      "name": "CAMKK1",
      "species": 0
    }
  },
  {
    "model": "example.gene",
    "pk": 54,
    "fields": {
      "name": "RECQL",
      "species": 0
    }
  },
  {
    "model": "example.gene",
    "pk": 55,
    "fields": {
      "name": "CCDC132",
      "species": 0
    }
  },
  {
    "model": "example.gene",
    "pk": 56,
    "fields": {
      "name": "HSPB6",
      "species": 0
    }
  },
  {
    "model": "example.gene",
    "pk": 57,
    "fields": {
      "name": "ARHGAP33",
      "species": 0
    }
  },
  {
    "model": "example.gene",
    "pk": 58,
    "fields": {
      "name": "NDUFAB1",
      "species": 0
    }
  },
  {
    "model": "example.gene",
    "pk": 59,
    "fields": {
      "name": "PDK4",
      "species": 0
    }
  },
  {
    "model": "example.gene",
    "pk": 60,
    "fields": {
      "name": "SLC22A16",
      "species": 0
    }
  },
  {
    "model": "example.gene",
    "pk": 61,
    "fields": {
      "name": "ZMYND10",
      "species": 0
    }
  },
  {
    "model": "example.gene",
    "pk": 62,
    "fields": {
      "name": "ABCB5",
      "species": 0
    }
  },
  {
    "model": "example.gene",
    "pk": 63,
    "fields": {
      "name": "ARX",
      "species": 0
    }
  },
  {
    "model": "example.gene",
    "pk": 64,
    "fields": {
      "name": "SLC25A13",
      "species": 0
    }
  },
  {
    "model": "example.gene",
    "pk": 65,
    "fields": {
      "name": "ST7",
      "species": 0
    }
  },
  {
    "model": "example.gene",
    "pk": 66,
    "fields": {
      "name": "CDC27",
      "species": 0
    }
  },
  {
    "model": "example.gene",
    "pk": 67,
    "fields": {
      "name": "SLC4A1",
      "species": 0
    }
  },
  {
    "model": "example.gene",
    "pk": 68,
    "fields": {
      "name": "CALCR",
      "species": 0
    }
  },
  {
    "model": "example.gene",
    "pk": 69,
    "fields": {
      "name": "HCCS",
      "species": 0
    }
  },
  {
    "model": "example.gene",
    "pk": 70,
    "fields": {
      "name": "DVL2",
      "species": 0
    }
  },
  {
    "model": "example.gene",
    "pk": 71,
    "fields": {
      "name": "PRSS22",
      "species": 0
    }
  },
  {
    "model": "example.gene",
    "pk": 72,
    "fields": {
      "name": "UPF1",
      "species": 0
    }
  },
  {
    "model": "example.gene",
    "pk": 73,
    "fields": {
      "name": "SKAP2",
      "species": 0
    }
  },
  {
    "model": "example.gene",
    "pk": 74,
    "fields": {
      "name": "SLC25A5",
      "species": 0
    }
  },
  {
    "model": "example.gene",
    "pk": 75,
    "fields": {
      "name": "CCDC109B",
      "species": 0
    }
  },
  {
    "model": "example.gene",
    "pk": 76,
    "fields": {
      "name": "HOXA11",
      "species": 0
    }
  },
  {
    "model": "example.gene",
    "pk": 77,
    "fields": {
      "name": "POLR2J",
      "species": 0
    }
  },
  {
    "model": "example.gene",
    "pk": 78,
    "fields": {
      "name": "DHX33",
      "species": 0
    }
  },
  {
    "model": "example.gene",
    "pk": 79,
    "fields": {
      "name": "MEOX1",
      "species": 0
    }
  },
  {
    "model": "example.gene",
    "pk": 80,
    "fields": {
      "name": "THSD7A",
      "species": 0
    }
  },
  {
    "model": "example.gene",
    "pk": 81,
    "fields": {
      "name": "LIG3",
      "species": 0
    }
  },
  {
    "model": "example.gene",
    "pk": 82,
    "fields": {
      "name": "RPAP3",
      "species": 0
    }
  },
  {
    "model": "example.gene",
    "pk": 83,
    "fields": {
      "name": "ACSM3",
      "species": 0
    }
  },
  {
    "model": "example.gene",
    "pk": 84,
    "fields": {
      "name": "AC004381.6",
      "species": 0
    }
  },
  {
    "model": "example.gene",
    "pk": 85,
    "fields": {
      "name": "CIAPIN1",
      "species": 0
    }
  },
  {
    "model": "example.gene",
    "pk": 86,
    "fields": {
      "name": "FAM214B",
      "species": 0
    }
  },
  {
    "model": "example.gene",
    "pk": 87,
    "fields": {
      "name": "COPZ2",
      "species": 0
    }
  },
  {
    "model": "example.gene",
    "pk": 88,
    "fields": {
      "name": "PRKAR2B",
      "species": 0
    }
  },
  {
    "model": "example.gene",
    "pk": 89,
    "fields": {
      "name": "MSL3",
      "species": 0
    }
  },
  {
    "model": "example.gene",
    "pk": 90,
    "fields": {
      "name": "CREBBP",
      "species": 0
    }
  },
  {
    "model": "example.gene",
    "pk": 91,
    "fields": {
      "name": "BZRAP1",
      "species": 0
    }
  },
  {
    "model": "example.gene",
    "pk": 92,
    "fields": {
      "name": "MPO",
      "species": 0
    }
  },
  {
    "model": "example.gene",
    "pk": 93,
    "fields": {
      "name": "PON1",
      "species": 0
    }
  },
  {
    "model": "example.gene",
    "pk": 94,
    "fields": {
      "name": "GCFC2",
      "species": 0
    }
  },
  {
    "model": "example.gene",
    "pk": 95,
    "fields": {
      "name": "WDR54",
      "species": 0
    }
  },
  {
    "model": "example.gene",
    "pk": 96,
    "fields": {
      "name": "CROT",
      "species": 0
    }
  },
  {
    "model": "example.gene",
    "pk": 97,
    "fields": {
      "name": "ABCB4",
      "species": 0
    }
  },
  {
    "model": "example.gene",
    "pk": 98,
    "fields": {
      "name": "KMT2E",
      "species": 0
    }
  },
  {
    "model": "example.gene",
    "pk": 99,
    "fields": {
      "name": "RHBDD2",
      "species": 0
    }
  },
  {
    "model": "example.gene",
    "pk": 100,
    "fields": {
      "name": "SOX8",
      "species": 0
    }
  },
  {
    "model": "example.gene",
    "pk": 101,
    "fields": {
      "name": "IBTK",
      "species": 0
    }
  },
  {
    "model": "example.gene",
    "pk": 102,
    "fields": {
      "name": "ZNF195",
      "species": 0
    }
  },
  {
    "model": "example.gene",
    "pk": 103,
    "fields": {
      "name": "MYCBP2",
      "species": 0
    }
  },
  {
    "model": "example.gene",
    "pk": 104,
    "fields": {
      "name": "FBXL3",
      "species": 0
    }
  },
  {
    "model": "example.gene",
    "pk": 105,
    "fields": {
      "name": "ITGAL",
      "species": 0
    }
  },
  {
    "model": "example.gene",
    "pk": 106,
    "fields": {
      "name": "PDK2",
      "species": 0
    }
  },
  {
    "model": "example.gene",
    "pk": 107,
    "fields": {
      "name": "ITGA3",
      "species": 0
    }
  },
  {
    "model": "example.gene",
    "pk": 108,
    "fields": {
      "name": "ZFX",
      "species": 0
    }
  },
  {
    "model": "example.gene",
    "pk": 109,
    "fields": {
      "name": "LAMP2",
      "species": 0
    }
  },
  {
    "model": "example.gene",
    "pk": 110,
    "fields": {
      "name": "GGNBP2",
      "species": 0
    }
  },
  {
    "model": "example.gene",
    "pk": 111,
    "fields": {
      "name": "ITGA2B",
      "species": 0
    }
  },
  {
    "model": "example.gene",
    "pk": 112,
    "fields": {
      "name": "ASB4",
      "species": 0
    }
  },
  {
    "model": "example.gene",
    "pk": 113,
    "fields": {
      "name": "GDE1",
      "species": 0
    }
  },
  {
    "model": "example.gene",
    "pk": 114,
    "fields": {
      "name": "C19orf60",
      "species": 0
    }
  },
  {
    "model": "example.gene",
    "pk": 115,
    "fields": {
      "name": "CRLF1",
      "species": 0
    }
  },
  {
    "model": "example.gene",
    "pk": 116,
    "fields": {
      "name": "OSBPL7",
      "species": 0
    }
  },
  {
    "model": "example.gene",
    "pk": 117,
    "fields": {
      "name": "TMEM98",
      "species": 0
    }
  },
  {
    "model": "example.gene",
    "pk": 118,
    "fields": {
      "name": "YBX2",
      "species": 0
    }
  },
  {
    "model": "example.gene",
    "pk": 119,
    "fields": {
      "name": "KRT33A",
      "species": 0
    }
  },
  {
    "model": "example.gene",
    "pk": 120,
    "fields": {
      "name": "ABCC8",
      "species": 0
    }
  },
  {
    "model": "example.gene",
    "pk": 121,
    "fields": {
      "name": "CCL18",
      "species": 0
    }
  },
  {
    "model": "example.gene",
    "pk": 122,
    "fields": {
      "name": "CCL3",
      "species": 0
    }
  },
  {
    "model": "example.gene",
    "pk": 123,
    "fields": {
      "name": "SYNRG",
      "species": 0
    }
  },
  {
    "model": "example.gene",
    "pk": 124,
    "fields": {
      "name": "CACNG3",
      "species": 0
    }
  },
  {
    "model": "example.gene",
    "pk": 125,
    "fields": {
      "name": "TMEM132A",
      "species": 0
    }
  },
  {
    "model": "example.gene",
    "pk": 126,
    "fields": {
      "name": "AP2B1",
      "species": 0
    }
  },
  {
    "model": "example.gene",
    "pk": 127,
    "fields": {
      "name": "TAC1",
      "species": 0
    }
  },
  {
    "model": "example.gene",
    "pk": 128,
    "fields": {
      "name": "ZNF263",
      "species": 0
    }
  },
  {
    "model": "example.gene",
    "pk": 129,
    "fields": {
      "name": "CX3CL1",
      "species": 0
    }
  },
  {
    "model": "example.gene",
    "pk": 130,
    "fields": {
      "name": "SPATA20",
      "species": 0
    }
  },
  {
    "model": "example.gene",
    "pk": 131,
    "fields": {
      "name": "CACNA1G",
      "species": 0
    }
  },
  {
    "model": "example.gene",
    "pk": 132,
    "fields": {
      "name": "TNFRSF12A",
      "species": 0
    }
  },
  {
    "model": "example.gene",
    "pk": 133,
    "fields": {
      "name": "DLX6",
      "species": 0
    }
  },
  {
    "model": "example.gene",
    "pk": 134,
    "fields": {
      "name": "MAP3K9",
      "species": 0
    }
  },
  {
    "model": "example.gene",
    "pk": 135,
    "fields": {
      "name": "RALA",
      "species": 0
    }
  },
  {
    "model": "example.gene",
    "pk": 136,
    "fields": {
      "name": "BAIAP2L1",
      "species": 0
    }
  },
  {
    "model": "example.gene",
    "pk": 137,
    "fields": {
      "name": "KDM7A",
      "species": 0
    }
  },
  {
    "model": "example.gene",
    "pk": 138,
    "fields": {
      "name": "ETV1",
      "species": 0
    }
  },
  {
    "model": "example.gene",
    "pk": 139,
    "fields": {
      "name": "AGK",
      "species": 0
    }
  },
  {
    "model": "example.gene",
    "pk": 140,
    "fields": {
      "name": "ALDH3B1",
      "species": 0
    }
  },
  {
    "model": "example.gene",
    "pk": 141,
    "fields": {
      "name": "TTC22",
      "species": 0
    }
  },
  {
    "model": "example.gene",
    "pk": 142,
    "fields": {
      "name": "PHTF2",
      "species": 0
    }
  },
  {
    "model": "example.gene",
    "pk": 143,
    "fields": {
      "name": "CCL26",
      "species": 0
    }
  },
  {
    "model": "example.gene",
    "pk": 144,
    "fields": {
      "name": "FARP2",
      "species": 0
    }
  },
  {
    "model": "example.gene",
    "pk": 145,
    "fields": {
      "name": "USH1C",
      "species": 0
    }
  },
  {
    "model": "example.gene",
    "pk": 146,
    "fields": {
      "name": "GGCT",
      "species": 0
    }
  },
  {
    "model": "example.gene",
    "pk": 147,
    "fields": {
      "name": "DBF4",
      "species": 0
    }
  },
  {
    "model": "example.gene",
    "pk": 148,
    "fields": {
      "name": "TBXA2R",
      "species": 0
    }
  },
  {
    "model": "example.gene",
    "pk": 149,
    "fields": {
      "name": "IFRD1",
      "species": 0
    }
  },
  {
    "model": "example.gene",
    "pk": 150,
    "fields": {
      "name": "LGALS14",
      "species": 0
    }
  },
  {
    "model": "example.gene",
    "pk": 151,
    "fields": {
      "name": "COX10",
      "species": 0
    }
  },
  {
    "model": "example.gene",
    "pk": 152,
    "fields": {
      "name": "GTF2IRD1",
      "species": 0
    }
  },
  {
    "model": "example.gene",
    "pk": 153,
    "fields": {
      "name": "PAF1",
      "species": 0
    }
  },
  {
    "model": "example.gene",
    "pk": 154,
    "fields": {
      "name": "VPS41",
      "species": 0
    }
  },
  {
    "model": "example.gene",
    "pk": 155,
    "fields": {
      "name": "ARHGAP44",
      "species": 0
    }
  },
  {
    "model": "example.gene",
    "pk": 156,
    "fields": {
      "name": "ELAC2",
      "species": 0
    }
  },
  {
    "model": "example.gene",
    "pk": 157,
    "fields": {
      "name": "SCIN",
      "species": 0
    }
  },
  {
    "model": "example.gene",
    "pk": 158,
    "fields": {
      "name": "ARSD",
      "species": 0
    }
  },
  {
    "model": "example.gene",
    "pk": 159,
    "fields": {
      "name": "PNPLA4",
      "species": 0
    }
  },
  {
    "model": "example.gene",
    "pk": 160,
    "fields": {
      "name": "MYH13",
      "species": 0
    }
  },
  {
    "model": "example.gene",
    "pk": 161,
    "fields": {
      "name": "ADIPOR2",
      "species": 0
    }
  },
  {
    "model": "example.gene",
    "pk": 162,
    "fields": {
      "name": "CDKL3",
      "species": 0
    }
  },
  {
    "model": "example.gene",
    "pk": 163,
    "fields": {
      "name": "UPP2",
      "species": 0
    }
  },
  {
    "model": "example.gene",
    "pk": 164,
    "fields": {
      "name": "PRSS21",
      "species": 0
    }
  },
  {
    "model": "example.gene",
    "pk": 165,
    "fields": {
      "name": "MARK4",
      "species": 0
    }
  },
  {
    "model": "example.gene",
    "pk": 166,
    "fields": {
      "name": "PROM1",
      "species": 0
    }
  },
  {
    "model": "example.gene",
    "pk": 167,
    "fields": {
      "name": "CCDC124",
      "species": 0
    }
  },
  {
    "model": "example.gene",
    "pk": 168,
    "fields": {
      "name": "CEACAM21",
      "species": 0
    }
  },
  {
    "model": "example.gene",
    "pk": 169,
    "fields": {
      "name": "PAFAH1B1",
      "species": 0
    }
  },
  {
    "model": "example.gene",
    "pk": 170,
    "fields": {
      "name": "NOS2",
      "species": 0
    }
  },
  {
    "model": "example.gene",
    "pk": 171,
    "fields": {
      "name": "DNAH9",
      "species": 0
    }
  },
  {
    "model": "example.gene",
    "pk": 172,
    "fields": {
      "name": "KIAA0100",
      "species": 0
    }
  },
  {
    "model": "example.gene",
    "pk": 173,
    "fields": {
      "name": "SLC13A2",
      "species": 0
    }
  },
  {
    "model": "example.gene",
    "pk": 174,
    "fields": {
      "name": "GAS7",
      "species": 0
    }
  },
  {
    "model": "example.gene",
    "pk": 175,
    "fields": {
      "name": "TRAPPC6A",
      "species": 0
    }
  },
  {
    "model": "example.gene",
    "pk": 176,
    "fields": {
      "name": "MATK",
      "species": 0
    }
  },
  {
    "model": "example.gene",
    "pk": 177,
    "fields": {
      "name": "CEACAM7",
      "species": 0
    }
  },
  {
    "model": "example.gene",
    "pk": 178,
    "fields": {
      "name": "CD79B",
      "species": 0
    }
  },
  {
    "model": "example.gene",
    "pk": 179,
    "fields": {
      "name": "SCN4A",
      "species": 0
    }
  },
  {
    "model": "example.gene",
    "pk": 180,
    "fields": {
      "name": "ST7L",
      "species": 0
    }
  },
  {
    "model": "example.gene",
    "pk": 181,
    "fields": {
      "name": "TKTL1",
      "species": 0
    }
  },
  {
    "model": "example.gene",
    "pk": 182,
    "fields": {
      "name": "PAX6",
      "species": 0
    }
  },
  {
    "model": "example.gene",
    "pk": 183,
    "fields": {
      "name": "RPUSD1",
      "species": 0
    }
  },
  {
    "model": "example.gene",
    "pk": 184,
    "fields": {
      "name": "RHBDF1",
      "species": 0
    }
  },
  {
    "model": "example.gene",
    "pk": 185,
    "fields": {
      "name": "LUC7L",
      "species": 0
    }
  },
  {
    "model": "example.gene",
    "pk": 186,
    "fields": {
      "name": "CACNA2D2",
      "species": 0
    }
  },
  {
    "model": "example.gene",
    "pk": 187,
    "fields": {
      "name": "BAIAP3",
      "species": 0
    }
  },
  {
    "model": "example.gene",
    "pk": 188,
    "fields": {
      "name": "TSR3",
      "species": 0
    }
  },
  {
    "model": "example.gene",
    "pk": 189,
    "fields": {
      "name": "PIGQ",
      "species": 0
    }
  },
  {
    "model": "example.gene",
    "pk": 190,
    "fields": {
      "name": "CRAMP1L",
      "species": 0
    }
  },
  {
    "model": "example.gene",
    "pk": 191,
    "fields": {
      "name": "TEAD3",
      "species": 0
    }
  },
  {
    "model": "example.gene",
    "pk": 192,
    "fields": {
      "name": "SELE",
      "species": 0
    }
  },
  {
    "model": "example.gene",
    "pk": 193,
    "fields": {
      "name": "DNAJC11",
      "species": 0
    }
  },
  {
    "model": "example.gene",
    "pk": 194,
    "fields": {
      "name": "FMO3",
      "species": 0
    }
  },
  {
    "model": "example.gene",
    "pk": 195,
    "fields": {
      "name": "MYLIP",
      "species": 0
    }
  },
  {
    "model": "example.gene",
    "pk": 196,
    "fields": {
      "name": "NOX1",
      "species": 0
    }
  },
  {
    "model": "example.gene",
    "pk": 197,
    "fields": {
      "name": "E2F2",
      "species": 0
    }
  },
  {
    "model": "example.gene",
    "pk": 198,
    "fields": {
      "name": "PSMB1",
      "species": 0
    }
  },
  {
    "model": "example.gene",
    "pk": 199,
    "fields": {
      "name": "SYN1",
      "species": 0
    }
  },
  {
    "model": "example.protein",
    "pk": 0,
    "fields": {
      "name": "TSPAN6",
      "species": 0,
      "gene": 0
    }
  },
  {
    "model": "example.protein",
    "pk": 1,
    "fields": {
      "name": "TNMD",
      "species": 0,
      "gene": 1
    }
  },
  {
    "model": "example.protein",
    "pk": 2,
    "fields": {
      "name": "DPM1",
      "species": 0,
      "gene": 2
    }
  },
  {
    "model": "example.protein",
    "pk": 3,
    "fields": {
      "name": "SCYL3",
      "species": 0,
      "gene": 3
    }
  },
  {
    "model": "example.protein",
    "pk": 4,
    "fields": {
      "name": "C1orf112",
      "species": 0,
      "gene": 4
    }
  },
  {
    "model": "example.protein",
    "pk": 5,
    "fields": {
      "name": "FGR",
      "species": 0,
      "gene": 5
    }
  },
  {
    "model": "example.protein",
    "pk": 6,
    "fields": {
      "name": "CFH",
      "species": 0,
      "gene": 6
    }
  },
  {
    "model": "example.protein",
    "pk": 7,
    "fields": {
      "name": "FUCA2",
      "species": 0,
      "gene": 7
    }
  },
  {
    "model": "example.protein",
    "pk": 8,
    "fields": {
      "name": "GCLC",
      "species": 0,
      "gene": 8
    }
  },
  {
    "model": "example.protein",
    "pk": 9,
    "fields": {
      "name": "NFYA",
      "species": 0,
      "gene": 9
    }
  },
  {
    "model": "example.protein",
    "pk": 10,
    "fields": {
      "name": "STPG1",
      "species": 0,
      "gene": 10
    }
  },
  {
    "model": "example.protein",
    "pk": 11,
    "fields": {
      "name": "NIPAL3",
      "species": 0,
      "gene": 11
    }
  },
  {
    "model": "example.protein",
    "pk": 12,
    "fields": {
      "name": "LAS1L",
      "species": 0,
      "gene": 12
    }
  },
  {
    "model": "example.protein",
    "pk": 13,
    "fields": {
      "name": "ENPP4",
      "species": 0,
      "gene": 13
    }
  },
  {
    "model": "example.protein",
    "pk": 14,
    "fields": {
      "name": "SEMA3F",
      "species": 0,
      "gene": 14
    }
  },
  {
    "model": "example.protein",
    "pk": 15,
    "fields": {
      "name": "CFTR",
      "species": 0,
      "gene": 15
    }
  },
  {
    "model": "example.protein",
    "pk": 16,
    "fields": {
      "name": "ANKIB1",
      "species": 0,
      "gene": 16
    }
  },
  {
    "model": "example.protein",
    "pk": 17,
    "fields": {
      "name": "CYP51A1",
      "species": 0,
      "gene": 17
    }
  },
  {
    "model": "example.protein",
    "pk": 18,
    "fields": {
      "name": "KRIT1",
      "species": 0,
      "gene": 18
    }
  },
  {
    "model": "example.protein",
    "pk": 19,
    "fields": {
      "name": "RAD52",
      "species": 0,
      "gene": 19
    }
  },
  {
    "model": "example.protein",
    "pk": 20,
    "fields": {
      "name": "BAD",
      "species": 0,
      "gene": 20
    }
  },
  {
    "model": "example.protein",
    "pk": 21,
    "fields": {
      "name": "LAP3",
      "species": 0,
      "gene": 21
    }
  },
  {
    "model": "example.protein",
    "pk": 22,
    "fields": {
      "name": "CD99",
      "species": 0,
      "gene": 22
    }
  },
  {
    "model": "example.protein",
    "pk": 23,
    "fields": {
      "name": "HS3ST1",
      "species": 0,
      "gene": 23
    }
  },
  {
    "model": "example.protein",
    "pk": 24,
    "fields": {
      "name": "AOC1",
      "species": 0,
      "gene": 24
    }
  },
  {
    "model": "example.protein",
    "pk": 25,
    "fields": {
      "name": "WNT16",
      "species": 0,
      "gene": 25
    }
  },
  {
    "model": "example.protein",
    "pk": 26,
    "fields": {
      "name": "HECW1",
      "species": 0,
      "gene": 26
    }
  },
  {
    "model": "example.protein",
    "pk": 27,
    "fields": {
      "name": "MAD1L1",
      "species": 0,
      "gene": 27
    }
  },
  {
    "model": "example.protein",
    "pk": 28,
    "fields": {
      "name": "LASP1",
      "species": 0,
      "gene": 28
    }
  },
  {
    "model": "example.protein",
    "pk": 29,
    "fields": {
      "name": "SNX11",
      "species": 0,
      "gene": 29
    }
  },
  {
    "model": "example.protein",
    "pk": 30,
    "fields": {
      "name": "TMEM176A",
      "species": 0,
      "gene": 30
    }
  },
  {
    "model": "example.protein",
    "pk": 31,
    "fields": {
      "name": "M6PR",
      "species": 0,
      "gene": 31
    }
  },
  {
    "model": "example.protein",
    "pk": 32,
    "fields": {
      "name": "KLHL13",
      "species": 0,
      "gene": 32
    }
  },
  {
    "model": "example.protein",
    "pk": 33,
    "fields": {
      "name": "CYP26B1",
      "species": 0,
      "gene": 33
    }
  },
  {
    "model": "example.protein",
    "pk": 34,
    "fields": {
      "name": "ICA1",
      "species": 0,
      "gene": 34
    }
  },
  {
    "model": "example.protein",
    "pk": 35,
    "fields": {
      "name": "DBNDD1",
      "species": 0,
      "gene": 35
    }
  },
  {
    "model": "example.protein",
    "pk": 36,
    "fields": {
      "name": "ALS2",
      "species": 0,
      "gene": 36
    }
  },
  {
    "model": "example.protein",
    "pk": 37,
    "fields": {
      "name": "CASP10",
      "species": 0,
      "gene": 37
    }
  },
  {
    "model": "example.protein",
    "pk": 38,
    "fields": {
      "name": "CFLAR",
      "species": 0,
      "gene": 38
    }
  },
  {
    "model": "example.protein",
    "pk": 39,
    "fields": {
      "name": "TFPI",
      "species": 0,
      "gene": 39
    }
  },
  {
    "model": "example.protein",
    "pk": 40,
    "fields": {
      "name": "NDUFAF7",
      "species": 0,
      "gene": 40
    }
  },
  {
    "model": "example.protein",
    "pk": 41,
    "fields": {
      "name": "RBM5",
      "species": 0,
      "gene": 41
    }
  },
  {
    "model": "example.protein",
    "pk": 42,
    "fields": {
      "name": "MTMR7",
      "species": 0,
      "gene": 42
    }
  },
  {
    "model": "example.protein",
    "pk": 43,
    "fields": {
      "name": "SLC7A2",
      "species": 0,
      "gene": 43
    }
  },
  {
    "model": "example.protein",
    "pk": 44,
    "fields": {
      "name": "ARF5",
      "species": 0,
      "gene": 44
    }
  },
  {
    "model": "example.protein",
    "pk": 45,
    "fields": {
      "name": "SARM1",
      "species": 0,
      "gene": 45
    }
  },
  {
    "model": "example.protein",
    "pk": 46,
    "fields": {
      "name": "POLDIP2",
      "species": 0,
      "gene": 46
    }
  },
  {
    "model": "example.protein",
    "pk": 47,
    "fields": {
      "name": "PLXND1",
      "species": 0,
      "gene": 47
    }
  },
  {
    "model": "example.protein",
    "pk": 48,
    "fields": {
      "name": "AK2",
      "species": 0,
      "gene": 48
    }
  },
  {
    "model": "example.protein",
    "pk": 49,
    "fields": {
      "name": "CD38",
      "species": 0,
      "gene": 49
    }
  },
  {
    "model": "example.protein",
    "pk": 50,
    "fields": {
      "name": "FKBP4",
      "species": 0,
      "gene": 50
    }
  },
  {
    "model": "example.protein",
    "pk": 51,
    "fields": {
      "name": "KDM1A",
      "species": 0,
      "gene": 51
    }
  },
  {
    "model": "example.protein",
    "pk": 52,
    "fields": {
      "name": "RBM6",
      "species": 0,
      "gene": 52
    }
  },
  {
    "model": "example.protein",
    "pk": 53,
    "fields": {
      "name": "CAMKK1",
      "species": 0,
      "gene": 53
    }
  },
  {
    "model": "example.protein",
    "pk": 54,
    "fields": {
      "name": "RECQL",
      "species": 0,
      "gene": 54
    }
  },
  {
    "model": "example.protein",
    "pk": 55,
    "fields": {
      "name": "CCDC132",
      "species": 0,
      "gene": 55
    }
  },
  {
    "model": "example.protein",
    "pk": 56,
    "fields": {
      "name": "HSPB6",
      "species": 0,
      "gene": 56
    }
  },
  {
    "model": "example.protein",
    "pk": 57,
    "fields": {
      "name": "ARHGAP33",
      "species": 0,
      "gene": 57
    }
  },
  {
    "model": "example.protein",
    "pk": 58,
    "fields": {
      "name": "NDUFAB1",
      "species": 0,
      "gene": 58
    }
  },
  {
    "model": "example.protein",
    "pk": 59,
    "fields": {
      "name": "PDK4",
      "species": 0,
      "gene": 59
    }
  },
  {
    "model": "example.protein",
    "pk": 60,
    "fields": {
      "name": "SLC22A16",
      "species": 0,
      "gene": 60
    }
  },
  {
    "model": "example.protein",
    "pk": 61,
    "fields": {
      "name": "ZMYND10",
      "species": 0,
      "gene": 61
    }
  },
  {
    "model": "example.protein",
    "pk": 62,
    "fields": {
      "name": "ABCB5",
      "species": 0,
      "gene": 62
    }
  },
  {
    "model": "example.protein",
    "pk": 63,
    "fields": {
      "name": "ARX",
      "species": 0,
      "gene": 63
    }
  },
  {
    "model": "example.protein",
    "pk": 64,
    "fields": {
      "name": "SLC25A13",
      "species": 0,
      "gene": 64
    }
  },
  {
    "model": "example.protein",
    "pk": 65,
    "fields": {
      "name": "ST7",
      "species": 0,
      "gene": 65
    }
  },
  {
    "model": "example.protein",
    "pk": 66,
    "fields": {
      "name": "CDC27",
      "species": 0,
      "gene": 66
    }
  },
  {
    "model": "example.protein",
    "pk": 67,
    "fields": {
      "name": "SLC4A1",
      "species": 0,
      "gene": 67
    }
  },
  {
    "model": "example.protein",
    "pk": 68,
    "fields": {
      "name": "CALCR",
      "species": 0,
      "gene": 68
    }
  },
  {
    "model": "example.protein",
    "pk": 69,
    "fields": {
      "name": "HCCS",
      "species": 0,
      "gene": 69
    }
  },
  {
    "model": "example.protein",
    "pk": 70,
    "fields": {
      "name": "DVL2",
      "species": 0,
      "gene": 70
    }
  },
  {
    "model": "example.protein",
    "pk": 71,
    "fields": {
      "name": "PRSS22",
      "species": 0,
      "gene": 71
    }
  },
  {
    "model": "example.protein",
    "pk": 72,
    "fields": {
      "name": "UPF1",
      "species": 0,
      "gene": 72
    }
  },
  {
    "model": "example.protein",
    "pk": 73,
    "fields": {
      "name": "SKAP2",
      "species": 0,
      "gene": 73
    }
  },
  {
    "model": "example.protein",
    "pk": 74,
    "fields": {
      "name": "SLC25A5",
      "species": 0,
      "gene": 74
    }
  },
  {
    "model": "example.protein",
    "pk": 75,
    "fields": {
      "name": "CCDC109B",
      "species": 0,
      "gene": 75
    }
  },
  {
    "model": "example.protein",
    "pk": 76,
    "fields": {
      "name": "HOXA11",
      "species": 0,
      "gene": 76
    }
  },
  {
    "model": "example.protein",
    "pk": 77,
    "fields": {
      "name": "POLR2J",
      "species": 0,
      "gene": 77
    }
  },
  {
    "model": "example.protein",
    "pk": 78,
    "fields": {
      "name": "DHX33",
      "species": 0,
      "gene": 78
    }
  },
  {
    "model": "example.protein",
    "pk": 79,
    "fields": {
      "name": "MEOX1",
      "species": 0,
      "gene": 79
    }
  },
  {
    "model": "example.protein",
    "pk": 80,
    "fields": {
      "name": "THSD7A",
      "species": 0,
      "gene": 80
    }
  },
  {
    "model": "example.protein",
    "pk": 81,
    "fields": {
      "name": "LIG3",
      "species": 0,
      "gene": 81
    }
  },
  {
    "model": "example.protein",
    "pk": 82,
    "fields": {
      "name": "RPAP3",
      "species": 0,
      "gene": 82
    }
  },
  {
    "model": "example.protein",
    "pk": 83,
    "fields": {
      "name": "ACSM3",
      "species": 0,
      "gene": 83
    }
  },
  {
    "model": "example.protein",
    "pk": 84,
    "fields": {
      "name": "AC004381.6",
      "species": 0,
      "gene": 84
    }
  },
  {
    "model": "example.protein",
    "pk": 85,
    "fields": {
      "name": "CIAPIN1",
      "species": 0,
      "gene": 85
    }
  },
  {
    "model": "example.protein",
    "pk": 86,
    "fields": {
      "name": "FAM214B",
      "species": 0,
      "gene": 86
    }
  },
  {
    "model": "example.protein",
    "pk": 87,
    "fields": {
      "name": "COPZ2",
      "species": 0,
      "gene": 87
    }
  },
  {
    "model": "example.protein",
    "pk": 88,
    "fields": {
      "name": "PRKAR2B",
      "species": 0,
      "gene": 88
    }
  },
  {
    "model": "example.protein",
    "pk": 89,
    "fields": {
      "name": "MSL3",
      "species": 0,
      "gene": 89
    }
  },
  {
    "model": "example.protein",
    "pk": 90,
    "fields": {
      "name": "CREBBP",
      "species": 0,
      "gene": 90
    }
  },
  {
    "model": "example.protein",
    "pk": 91,
    "fields": {
      "name": "BZRAP1",
      "species": 0,
      "gene": 91
    }
  },
  {
    "model": "example.protein",
    "pk": 92,
    "fields": {
      "name": "MPO",
      "species": 0,
      "gene": 92
    }
  },
  {
    "model": "example.protein",
    "pk": 93,
    "fields": {
      "name": "PON1",
      "species": 0,
      "gene": 93
    }
  },
  {
    "model": "example.protein",
    "pk": 94,
    "fields": {
      "name": "GCFC2",
      "species": 0,
      "gene": 94
    }
  },
  {
    "model": "example.protein",
    "pk": 95,
    "fields": {
      "name": "WDR54",
      "species": 0,
      "gene": 95
    }
  },
  {
    "model": "example.protein",
    "pk": 96,
    "fields": {
      "name": "CROT",
      "species": 0,
      "gene": 96
    }
  },
  {
    "model": "example.protein",
    "pk": 97,
    "fields": {
      "name": "ABCB4",
      "species": 0,
      "gene": 97
    }
  },
  {
    "model": "example.protein",
    "pk": 98,
    "fields": {
      "name": "KMT2E",
      "species": 0,
      "gene": 98
    }
  },
  {
    "model": "example.protein",
    "pk": 99,
    "fields": {
      "name": "RHBDD2",
      "species": 0,
      "gene": 99
    }
  },
  {
    "model": "example.protein",
    "pk": 100,
    "fields": {
      "name": "SOX8",
      "species": 0,
      "gene": 100
    }
  },
  {
    "model": "example.protein",
    "pk": 101,
    "fields": {
      "name": "IBTK",
      "species": 0,
      "gene": 101
    }
  },
  {
    "model": "example.protein",
    "pk": 102,
    "fields": {
      "name": "ZNF195",
      "species": 0,
      "gene": 102
    }
  },
  {
    "model": "example.protein",
    "pk": 103,
    "fields": {
      "name": "MYCBP2",
      "species": 0,
      "gene": 103
    }
  },
  {
    "model": "example.protein",
    "pk": 104,
    "fields": {
      "name": "FBXL3",
      "species": 0,
      "gene": 104
    }
  },
  {
    "model": "example.protein",
    "pk": 105,
    "fields": {
      "name": "ITGAL",
      "species": 0,
      "gene": 105
    }
  },
  {
    "model": "example.protein",
    "pk": 106,
    "fields": {
      "name": "PDK2",
      "species": 0,
      "gene": 106
    }
  },
  {
    "model": "example.protein",
    "pk": 107,
    "fields": {
      "name": "ITGA3",
      "species": 0,
      "gene": 107
    }
  },
  {
    "model": "example.protein",
    "pk": 108,
    "fields": {
      "name": "ZFX",
      "species": 0,
      "gene": 108
    }
  },
  {
    "model": "example.protein",
    "pk": 109,
    "fields": {
      "name": "LAMP2",
      "species": 0,
      "gene": 109
    }
  },
  {
    "model": "example.protein",
    "pk": 110,
    "fields": {
      "name": "GGNBP2",
      "species": 0,
      "gene": 110
    }
  },
  {
    "model": "example.protein",
    "pk": 111,
    "fields": {
      "name": "ITGA2B",
      "species": 0,
      "gene": 111
    }
  },
  {
    "model": "example.protein",
    "pk": 112,
    "fields": {
      "name": "ASB4",
      "species": 0,
      "gene": 112
    }
  },
  {
    "model": "example.protein",
    "pk": 113,
    "fields": {
      "name": "GDE1",
      "species": 0,
      "gene": 113
    }
  },
  {
    "model": "example.protein",
    "pk": 114,
    "fields": {
      "name": "C19orf60",
      "species": 0,
      "gene": 114
    }
  },
  {
    "model": "example.protein",
    "pk": 115,
    "fields": {
      "name": "CRLF1",
      "species": 0,
      "gene": 115
    }
  },
  {
    "model": "example.protein",
    "pk": 116,
    "fields": {
      "name": "OSBPL7",
      "species": 0,
      "gene": 116
    }
  },
  {
    "model": "example.protein",
    "pk": 117,
    "fields": {
      "name": "TMEM98",
      "species": 0,
      "gene": 117
    }
  },
  {
    "model": "example.protein",
    "pk": 118,
    "fields": {
      "name": "YBX2",
      "species": 0,
      "gene": 118
    }
  },
  {
    "model": "example.protein",
    "pk": 119,
    "fields": {
      "name": "KRT33A",
      "species": 0,
      "gene": 119
    }
  },
  {
    "model": "example.protein",
    "pk": 120,
    "fields": {
      "name": "ABCC8",
      "species": 0,
      "gene": 120
    }
  },
  {
    "model": "example.protein",
    "pk": 121,
    "fields": {
      "name": "CCL18",
      "species": 0,
      "gene": 121
    }
  },
  {
    "model": "example.protein",
    "pk": 122,
    "fields": {
      "name": "CCL3",
      "species": 0,
      "gene": 122
    }
  },
  {
    "model": "example.protein",
    "pk": 123,
    "fields": {
      "name": "SYNRG",
      "species": 0,
      "gene": 123
    }
  },
  {
    "model": "example.protein",
    "pk": 124,
    "fields": {
      "name": "CACNG3",
      "species": 0,
      "gene": 124
    }
  },
  {
    "model": "example.protein",
    "pk": 125,
    "fields": {
      "name": "TMEM132A",
      "species": 0,
      "gene": 125
    }
  },
  {
    "model": "example.protein",
    "pk": 126,
    "fields": {
      "name": "AP2B1",
      "species": 0,
      "gene": 126
    }
  },
  {
    "model": "example.protein",
    "pk": 127,
    "fields": {
      "name": "TAC1",
      "species": 0,
      "gene": 127
    }
  },
  {
    "model": "example.protein",
    "pk": 128,
    "fields": {
      "name": "ZNF263",
      "species": 0,
      "gene": 128
    }
  },
  {
    "model": "example.protein",
    "pk": 129,
    "fields": {
      "name": "CX3CL1",
      "species": 0,
      "gene": 129
    }
  },
  {
    "model": "example.protein",
    "pk": 130,
    "fields": {
      "name": "SPATA20",
      "species": 0,
      "gene": 130
    }
  },
  {
    "model": "example.protein",
    "pk": 131,
    "fields": {
      "name": "CACNA1G",
      "species": 0,
      "gene": 131
    }
  },
  {
    "model": "example.protein",
    "pk": 132,
    "fields": {
      "name": "TNFRSF12A",
      "species": 0,
      "gene": 132
    }
  },
  {
    "model": "example.protein",
    "pk": 133,
    "fields": {
      "name": "DLX6",
      "species": 0,
      "gene": 133
    }
  },
  {
    "model": "example.protein",
    "pk": 134,
    "fields": {
      "name": "MAP3K9",
      "species": 0,
      "gene": 134
    }
  },
  {
    "model": "example.protein",
    "pk": 135,
    "fields": {
      "name": "RALA",
      "species": 0,
      "gene": 135
    }
  },
  {
    "model": "example.protein",
    "pk": 136,
    "fields": {
      "name": "BAIAP2L1",
      "species": 0,
      "gene": 136
    }
  },
  {
    "model": "example.protein",
    "pk": 137,
    "fields": {
      "name": "KDM7A",
      "species": 0,
      "gene": 137
    }
  },
  {
    "model": "example.protein",
    "pk": 138,
    "fields": {
      "name": "ETV1",
      "species": 0,
      "gene": 138
    }
  },
  {
    "model": "example.protein",
    "pk": 139,
    "fields": {
      "name": "AGK",
      "species": 0,
      "gene": 139
    }
  },
  {
    "model": "example.protein",
    "pk": 140,
    "fields": {
      "name": "ALDH3B1",
      "species": 0,
      "gene": 140
    }
  },
  {
    "model": "example.protein",
    "pk": 141,
    "fields": {
      "name": "TTC22",
      "species": 0,
      "gene": 141
    }
  },
  {
    "model": "example.protein",
    "pk": 142,
    "fields": {
      "name": "PHTF2",
      "species": 0,
      "gene": 142
    }
  },
  {
    "model": "example.protein",
    "pk": 143,
    "fields": {
      "name": "CCL26",
      "species": 0,
      "gene": 143
    }
  },
  {
    "model": "example.protein",
    "pk": 144,
    "fields": {
      "name": "FARP2",
      "species": 0,
      "gene": 144
    }
  },
  {
    "model": "example.protein",
    "pk": 145,
    "fields": {
      "name": "USH1C",
      "species": 0,
      "gene": 145
    }
  },
  {
    "model": "example.protein",
    "pk": 146,
    "fields": {
      "name": "GGCT",
      "species": 0,
      "gene": 146
    }
  },
  {
    "model": "example.protein",
    "pk": 147,
    "fields": {
      "name": "DBF4",
      "species": 0,
      "gene": 147
    }
  },
  {
    "model": "example.protein",
    "pk": 148,
    "fields": {
      "name": "TBXA2R",
      "species": 0,
      "gene": 148
    }
  },
  {
    "model": "example.protein",
    "pk": 149,
    "fields": {
      "name": "IFRD1",
      "species": 0,
      "gene": 149
    }
  },
  {
    "model": "example.protein",
    "pk": 150,
    "fields": {
      "name": "LGALS14",
      "species": 0,
      "gene": 150
    }
  },
  {
    "model": "example.protein",
    "pk": 151,
    "fields": {
      "name": "COX10",
      "species": 0,
      "gene": 151
    }
  },
  {
    "model": "example.protein",
    "pk": 152,
    "fields": {
      "name": "GTF2IRD1",
      "species": 0,
      "gene": 152
    }
  },
  {
    "model": "example.protein",
    "pk": 153,
    "fields": {
      "name": "PAF1",
      "species": 0,
      "gene": 153
    }
  },
  {
    "model": "example.protein",
    "pk": 154,
    "fields": {
      "name": "VPS41",
      "species": 0,
      "gene": 154
    }
  },
  {
    "model": "example.protein",
    "pk": 155,
    "fields": {
      "name": "ARHGAP44",
      "species": 0,
      "gene": 155
    }
  },
  {
    "model": "example.protein",
    "pk": 156,
    "fields": {
      "name": "ELAC2",
      "species": 0,
      "gene": 156
    }
  },
  {
    "model": "example.protein",
    "pk": 157,
    "fields": {
      "name": "SCIN",
      "species": 0,
      "gene": 157
    }
  },
  {
    "model": "example.protein",
    "pk": 158,
    "fields": {
      "name": "ARSD",
      "species": 0,
      "gene": 158
    }
  },
  {
    "model": "example.protein",
    "pk": 159,
    "fields": {
      "name": "PNPLA4",
      "species": 0,
      "gene": 159
    }
  },
  {
    "model": "example.protein",
    "pk": 160,
    "fields": {
      "name": "MYH13",
      "species": 0,
      "gene": 160
    }
  },
  {
    "model": "example.protein",
    "pk": 161,
    "fields": {
      "name": "ADIPOR2",
      "species": 0,
      "gene": 161
    }
  },
  {
    "model": "example.protein",
    "pk": 162,
    "fields": {
      "name": "CDKL3",
      "species": 0,
      "gene": 162
    }
  },
  {
    "model": "example.protein",
    "pk": 163,
    "fields": {
      "name": "UPP2",
      "species": 0,
      "gene": 163
    }
  },
  {
    "model": "example.protein",
    "pk": 164,
    "fields": {
      "name": "PRSS21",
      "species": 0,
      "gene": 164
    }
  },
  {
    "model": "example.protein",
    "pk": 165,
    "fields": {
      "name": "MARK4",
      "species": 0,
      "gene": 165
    }
  },
  {
    "model": "example.protein",
    "pk": 166,
    "fields": {
      "name": "PROM1",
      "species": 0,
      "gene": 166
    }
  },
  {
    "model": "example.protein",
    "pk": 167,
    "fields": {
      "name": "CCDC124",
      "species": 0,
      "gene": 167
    }
  },
  {
    "model": "example.protein",
    "pk": 168,
    "fields": {
      "name": "CEACAM21",
      "species": 0,
      "gene": 168
    }
  },
  {
    "model": "example.protein",
    "pk": 169,
    "fields": {
      "name": "PAFAH1B1",
      "species": 0,
      "gene": 169
    }
  },
  {
    "model": "example.protein",
    "pk": 170,
    "fields": {
      "name": "NOS2",
      "species": 0,
      "gene": 170
    }
  },
  {
    "model": "example.protein",
    "pk": 171,
    "fields": {
      "name": "DNAH9",
      "species": 0,
      "gene": 171
    }
  },
  {
    "model": "example.protein",
    "pk": 172,
    "fields": {
      "name": "KIAA0100",
      "species": 0,
      "gene": 172
    }
  },
  {
    "model": "example.protein",
    "pk": 173,
    "fields": {
      "name": "SLC13A2",
      "species": 0,
      "gene": 173
    }
  },
  {
    "model": "example.protein",
    "pk": 174,
    "fields": {
      "name": "GAS7",
      "species": 0,
      "gene": 174
    }
  },
  {
    "model": "example.protein",
    "pk": 175,
    "fields": {
      "name": "TRAPPC6A",
      "species": 0,
      "gene": 175
    }
  },
  {
    "model": "example.protein",
    "pk": 176,
    "fields": {
      "name": "MATK",
      "species": 0,
      "gene": 176
    }
  },
  {
    "model": "example.protein",
    "pk": 177,
    "fields": {
      "name": "CEACAM7",
      "species": 0,
      "gene": 177
    }
  },
  {
    "model": "example.protein",
    "pk": 178,
    "fields": {
      "name": "CD79B",
      "species": 0,
      "gene": 178
    }
  },
  {
    "model": "example.protein",
    "pk": 179,
    "fields": {
      "name": "SCN4A",
      "species": 0,
      "gene": 179
    }
  },
  {
    "model": "example.protein",
    "pk": 180,
    "fields": {
      "name": "ST7L",
      "species": 0,
      "gene": 180
    }
  },
  {
    "model": "example.protein",
    "pk": 181,
    "fields": {
      "name": "TKTL1",
      "species": 0,
      "gene": 181
    }
  },
  {
    "model": "example.protein",
    "pk": 182,
    "fields": {
      "name": "PAX6",
      "species": 0,
      "gene": 182
    }
  },
  {
    "model": "example.protein",
    "pk": 183,
    "fields": {
      "name": "RPUSD1",
      "species": 0,
      "gene": 183
    }
  },
  {
    "model": "example.protein",
    "pk": 184,
    "fields": {
      "name": "RHBDF1",
      "species": 0,
      "gene": 184
    }
  },
  {
    "model": "example.protein",
    "pk": 185,
    "fields": {
      "name": "LUC7L",
      "species": 0,
      "gene": 185
    }
  },
  {
    "model": "example.protein",
    "pk": 186,
    "fields": {
      "name": "CACNA2D2",
      "species": 0,
      "gene": 186
    }
  },
  {
    "model": "example.protein",
    "pk": 187,
    "fields": {
      "name": "BAIAP3",
      "species": 0,
      "gene": 187
    }
  },
  {
    "model": "example.protein",
    "pk": 188,
    "fields": {
      "name": "TSR3",
      "species": 0,
      "gene": 188
    }
  },
  {
    "model": "example.protein",
    "pk": 189,
    "fields": {
      "name": "PIGQ",
      "species": 0,
      "gene": 189
    }
  },
  {
    "model": "example.protein",
    "pk": 190,
    "fields": {
      "name": "CRAMP1L",
      "species": 0,
      "gene": 190
    }
  },
  {
    "model": "example.protein",
    "pk": 191,
    "fields": {
      "name": "TEAD3",
      "species": 0,
      "gene": 191
    }
  },
  {
    "model": "example.protein",
    "pk": 192,
    "fields": {
      "name": "SELE",
      "species": 0,
      "gene": 192
    }
  },
  {
    "model": "example.protein",
    "pk": 193,
    "fields": {
      "name": "DNAJC11",
      "species": 0,
      "gene": 193
    }
  },
  {
    "model": "example.protein",
    "pk": 194,
    "fields": {
      "name": "FMO3",
      "species": 0,
      "gene": 194
    }
  },
  {
    "model": "example.protein",
    "pk": 195,
    "fields": {
      "name": "MYLIP",
      "species": 0,
      "gene": 195
    }
  },
  {
    "model": "example.protein",
    "pk": 196,
    "fields": {
      "name": "NOX1",
      "species": 0,
      "gene": 196
    }
  },
  {
    "model": "example.protein",
    "pk": 197,
    "fields": {
      "name": "E2F2",
      "species": 0,
      "gene": 197
    }
  },
  {
    "model": "example.protein",
    "pk": 198,
    "fields": {
      "name": "PSMB1",
      "species": 0,
      "gene": 198
    }
  },
  {
    "model": "example.protein",
    "pk": 199,
    "fields": {
      "name": "SYN1",
      "species": 0,
      "gene": 199
    }
  }
]
